INSERT INTO TBI.BasicInfo (AID, DOB, Impulse) VALUES(6464,'2013-10-11','2014-04-09');
INSERT INTO TBI.BasicInfo (AID, DOB, Impulse) VALUES(6849,'2013-12-11','2014-06-09');
INSERT INTO TBI.BasicInfo (AID, DOB, Impulse) VALUES(6890,'2013-11-22','2014-05-21');
INSERT INTO TBI.BasicInfo (AID, DOB, Impulse) VALUES(6948,'2013-08-28','2014-02-24');
INSERT INTO TBI.BasicInfo (AID, DOB, Impulse) VALUES(6061,'2013-03-15','2013-09-11');
INSERT INTO TBI.BalanceBeam (AID, TestDate, TrialNum, Duration,FLSlips, FRSlips, BLSlips, BRSlips, FFalls, BFalls, FullBodyFalls) VALUES(6464,'2014-03-12',1,45.1869811024,2,10,5,10,4,6,1);
INSERT INTO TBI.BalanceBeam (AID, TestDate, TrialNum, Duration,FLSlips, FRSlips, BLSlips, BRSlips, FFalls, BFalls, FullBodyFalls) VALUES(6464,'2014-03-12',2,43.5487176256,0,4,0,10,7,0,3);
INSERT INTO TBI.BalanceBeam (AID, TestDate, TrialNum, Duration,FLSlips, FRSlips, BLSlips, BRSlips, FFalls, BFalls, FullBodyFalls) VALUES(6464,'2014-03-12',3,31.7900696657,9,10,4,4,5,10,5);
INSERT INTO TBI.BalanceBeam (AID, TestDate, TrialNum, Duration,FLSlips, FRSlips, BLSlips, BRSlips, FFalls, BFalls, FullBodyFalls) VALUES(6464,'2014-03-12',4,49.3669221743,5,9,7,4,9,7,6);
INSERT INTO TBI.BalanceBeam (AID, TestDate, TrialNum, Duration,FLSlips, FRSlips, BLSlips, BRSlips, FFalls, BFalls, FullBodyFalls) VALUES(6464,'2014-03-12',5,45.0148214879,9,10,0,5,8,3,2);
INSERT INTO TBI.BalanceBeam (AID, TestDate, TrialNum, Duration,FLSlips, FRSlips, BLSlips, BRSlips, FFalls, BFalls, FullBodyFalls) VALUES(6849,'2014-04-16',1,34.3007628694,8,0,4,5,6,4,6);
INSERT INTO TBI.BalanceBeam (AID, TestDate, TrialNum, Duration,FLSlips, FRSlips, BLSlips, BRSlips, FFalls, BFalls, FullBodyFalls) VALUES(6849,'2014-04-16',2,23.4049312472,3,4,6,8,10,4,10);
INSERT INTO TBI.BalanceBeam (AID, TestDate, TrialNum, Duration,FLSlips, FRSlips, BLSlips, BRSlips, FFalls, BFalls, FullBodyFalls) VALUES(6849,'2014-04-16',3,38.3783769222,2,8,6,10,10,1,0);
INSERT INTO TBI.BalanceBeam (AID, TestDate, TrialNum, Duration,FLSlips, FRSlips, BLSlips, BRSlips, FFalls, BFalls, FullBodyFalls) VALUES(6849,'2014-04-16',4,37.9030091582,3,0,5,4,6,0,5);
INSERT INTO TBI.BalanceBeam (AID, TestDate, TrialNum, Duration,FLSlips, FRSlips, BLSlips, BRSlips, FFalls, BFalls, FullBodyFalls) VALUES(6849,'2014-04-16',5,39.4348365529,6,7,7,0,6,7,0);
INSERT INTO TBI.BalanceBeam (AID, TestDate, TrialNum, Duration,FLSlips, FRSlips, BLSlips, BRSlips, FFalls, BFalls, FullBodyFalls) VALUES(6890,'2014-04-14',1,27.6917206842,7,6,7,9,5,6,6);
INSERT INTO TBI.BalanceBeam (AID, TestDate, TrialNum, Duration,FLSlips, FRSlips, BLSlips, BRSlips, FFalls, BFalls, FullBodyFalls) VALUES(6890,'2014-04-14',2,24.6515647096,6,6,9,9,7,4,3);
INSERT INTO TBI.BalanceBeam (AID, TestDate, TrialNum, Duration,FLSlips, FRSlips, BLSlips, BRSlips, FFalls, BFalls, FullBodyFalls) VALUES(6890,'2014-04-14',3,29.9936105381,2,5,1,4,6,8,3);
INSERT INTO TBI.BalanceBeam (AID, TestDate, TrialNum, Duration,FLSlips, FRSlips, BLSlips, BRSlips, FFalls, BFalls, FullBodyFalls) VALUES(6890,'2014-04-14',4,26.6839500965,1,9,1,8,5,8,5);
INSERT INTO TBI.BalanceBeam (AID, TestDate, TrialNum, Duration,FLSlips, FRSlips, BLSlips, BRSlips, FFalls, BFalls, FullBodyFalls) VALUES(6890,'2014-04-14',5,48.7631355333,1,1,3,8,0,7,10);
INSERT INTO TBI.BalanceBeam (AID, TestDate, TrialNum, Duration,FLSlips, FRSlips, BLSlips, BRSlips, FFalls, BFalls, FullBodyFalls) VALUES(6948,'2014-01-23',1,39.4032563518,9,2,8,10,2,8,10);
INSERT INTO TBI.BalanceBeam (AID, TestDate, TrialNum, Duration,FLSlips, FRSlips, BLSlips, BRSlips, FFalls, BFalls, FullBodyFalls) VALUES(6948,'2014-01-23',2,31.8941728126,8,0,6,8,7,6,1);
INSERT INTO TBI.BalanceBeam (AID, TestDate, TrialNum, Duration,FLSlips, FRSlips, BLSlips, BRSlips, FFalls, BFalls, FullBodyFalls) VALUES(6948,'2014-01-23',3,39.2174067995,10,0,3,5,4,0,2);
INSERT INTO TBI.BalanceBeam (AID, TestDate, TrialNum, Duration,FLSlips, FRSlips, BLSlips, BRSlips, FFalls, BFalls, FullBodyFalls) VALUES(6948,'2014-01-23',4,27.838968532,2,9,8,4,6,5,4);
INSERT INTO TBI.BalanceBeam (AID, TestDate, TrialNum, Duration,FLSlips, FRSlips, BLSlips, BRSlips, FFalls, BFalls, FullBodyFalls) VALUES(6948,'2014-01-23',5,28.5953445305,8,5,3,10,1,5,6);
INSERT INTO TBI.BalanceBeam (AID, TestDate, TrialNum, Duration,FLSlips, FRSlips, BLSlips, BRSlips, FFalls, BFalls, FullBodyFalls) VALUES(6061,'2013-09-29',1,48.5128688674,10,6,5,8,7,4,7);
INSERT INTO TBI.BalanceBeam (AID, TestDate, TrialNum, Duration,FLSlips, FRSlips, BLSlips, BRSlips, FFalls, BFalls, FullBodyFalls) VALUES(6061,'2013-09-29',2,41.911481291,4,3,7,8,8,1,3);
INSERT INTO TBI.BalanceBeam (AID, TestDate, TrialNum, Duration,FLSlips, FRSlips, BLSlips, BRSlips, FFalls, BFalls, FullBodyFalls) VALUES(6061,'2013-09-29',3,32.7131074455,9,5,10,0,1,5,4);
INSERT INTO TBI.BalanceBeam (AID, TestDate, TrialNum, Duration,FLSlips, FRSlips, BLSlips, BRSlips, FFalls, BFalls, FullBodyFalls) VALUES(6061,'2013-09-29',4,39.1663383076,1,10,3,6,6,5,8);
INSERT INTO TBI.BalanceBeam (AID, TestDate, TrialNum, Duration,FLSlips, FRSlips, BLSlips, BRSlips, FFalls, BFalls, FullBodyFalls) VALUES(6061,'2013-09-29',5,35.0316551011,8,7,10,7,10,4,9);
INSERT INTO TBI.GNG (AID, TestDate, Correctness) VALUES(6464,'2014-04-27',0.852831526689);
INSERT INTO TBI.GNG (AID, TestDate, Correctness) VALUES(6464,'2014-03-17',0.10349264036);
INSERT INTO TBI.GNG (AID, TestDate, Correctness) VALUES(6464,'2014-03-07',0.150177760389);
INSERT INTO TBI.GNG (AID, TestDate, Correctness) VALUES(6464,'2014-04-09',0.874113172491);
INSERT INTO TBI.GNG (AID, TestDate, Correctness) VALUES(6464,'2014-03-16',0.0568094100329);
INSERT INTO TBI.GNG (AID, TestDate, Correctness) VALUES(6849,'2014-05-18',0.884373617777);
INSERT INTO TBI.GNG (AID, TestDate, Correctness) VALUES(6849,'2014-06-16',0.548437816644);
INSERT INTO TBI.GNG (AID, TestDate, Correctness) VALUES(6849,'2014-05-29',0.456558345879);
INSERT INTO TBI.GNG (AID, TestDate, Correctness) VALUES(6849,'2014-06-12',0.422736003995);
INSERT INTO TBI.GNG (AID, TestDate, Correctness) VALUES(6849,'2014-04-17',0.777796128541);
INSERT INTO TBI.GNG (AID, TestDate, Correctness) VALUES(6890,'2014-04-25',0.705193133432);
INSERT INTO TBI.GNG (AID, TestDate, Correctness) VALUES(6890,'2014-03-06',0.0187552643021);
INSERT INTO TBI.GNG (AID, TestDate, Correctness) VALUES(6890,'2014-04-10',0.806080945513);
INSERT INTO TBI.GNG (AID, TestDate, Correctness) VALUES(6890,'2014-03-24',0.49397783971);
INSERT INTO TBI.GNG (AID, TestDate, Correctness) VALUES(6890,'2014-03-25',0.458931791075);
INSERT INTO TBI.GNG (AID, TestDate, Correctness) VALUES(6948,'2014-03-10',0.525866985714);
INSERT INTO TBI.GNG (AID, TestDate, Correctness) VALUES(6948,'2014-01-29',0.374862519954);
INSERT INTO TBI.GNG (AID, TestDate, Correctness) VALUES(6948,'2013-12-11',0.808848993085);
INSERT INTO TBI.GNG (AID, TestDate, Correctness) VALUES(6948,'2014-03-08',0.522771359186);
INSERT INTO TBI.GNG (AID, TestDate, Correctness) VALUES(6948,'2014-03-03',0.991793633414);
INSERT INTO TBI.GNG (AID, TestDate, Correctness) VALUES(6061,'2013-09-20',0.799345358563);
INSERT INTO TBI.GNG (AID, TestDate, Correctness) VALUES(6061,'2013-09-16',0.809825228835);
INSERT INTO TBI.GNG (AID, TestDate, Correctness) VALUES(6061,'2013-08-03',0.519929397276);
INSERT INTO TBI.GNG (AID, TestDate, Correctness) VALUES(6061,'2013-08-13',0.595098109184);
INSERT INTO TBI.GNG (AID, TestDate, Correctness) VALUES(6061,'2013-06-30',0.0631308735993);
INSERT INTO TBI.SHB (AID, TestDate, TrialNum, Duration,BaitedRevisits, BaitedVisits, UnbaitedVisits) VALUES(6464,'2014-01-29',1,36.8007961786,10,9,1);
INSERT INTO TBI.SHB (AID, TestDate, TrialNum, Duration,BaitedRevisits, BaitedVisits, UnbaitedVisits) VALUES(6464,'2014-01-29',2,20.7136702773,3,10,2);
INSERT INTO TBI.SHB (AID, TestDate, TrialNum, Duration,BaitedRevisits, BaitedVisits, UnbaitedVisits) VALUES(6464,'2014-01-29',3,52.2019398568,9,8,7);
INSERT INTO TBI.SHB (AID, TestDate, TrialNum, Duration,BaitedRevisits, BaitedVisits, UnbaitedVisits) VALUES(6464,'2014-01-29',4,41.239765814,4,2,7);
INSERT INTO TBI.SHB (AID, TestDate, TrialNum, Duration,BaitedRevisits, BaitedVisits, UnbaitedVisits) VALUES(6464,'2014-01-29',5,55.517178216,1,1,0);
INSERT INTO TBI.SHB (AID, TestDate, TrialNum, Duration,BaitedRevisits, BaitedVisits, UnbaitedVisits) VALUES(6849,'2014-03-25',1,29.5257970029,5,2,5);
INSERT INTO TBI.SHB (AID, TestDate, TrialNum, Duration,BaitedRevisits, BaitedVisits, UnbaitedVisits) VALUES(6849,'2014-03-25',2,31.3900110324,5,0,1);
INSERT INTO TBI.SHB (AID, TestDate, TrialNum, Duration,BaitedRevisits, BaitedVisits, UnbaitedVisits) VALUES(6849,'2014-03-25',3,22.3319992958,1,9,9);
INSERT INTO TBI.SHB (AID, TestDate, TrialNum, Duration,BaitedRevisits, BaitedVisits, UnbaitedVisits) VALUES(6849,'2014-03-25',4,27.6631463089,10,0,5);
INSERT INTO TBI.SHB (AID, TestDate, TrialNum, Duration,BaitedRevisits, BaitedVisits, UnbaitedVisits) VALUES(6849,'2014-03-25',5,51.8434065178,10,1,10);
INSERT INTO TBI.SHB (AID, TestDate, TrialNum, Duration,BaitedRevisits, BaitedVisits, UnbaitedVisits) VALUES(6890,'2014-06-07',1,21.2778617582,9,8,8);
INSERT INTO TBI.SHB (AID, TestDate, TrialNum, Duration,BaitedRevisits, BaitedVisits, UnbaitedVisits) VALUES(6890,'2014-06-07',2,38.3054493681,7,9,6);
INSERT INTO TBI.SHB (AID, TestDate, TrialNum, Duration,BaitedRevisits, BaitedVisits, UnbaitedVisits) VALUES(6890,'2014-06-07',3,57.1559238941,5,6,0);
INSERT INTO TBI.SHB (AID, TestDate, TrialNum, Duration,BaitedRevisits, BaitedVisits, UnbaitedVisits) VALUES(6890,'2014-06-07',4,56.3244393288,3,2,3);
INSERT INTO TBI.SHB (AID, TestDate, TrialNum, Duration,BaitedRevisits, BaitedVisits, UnbaitedVisits) VALUES(6890,'2014-06-07',5,28.0592431937,0,0,7);
INSERT INTO TBI.SHB (AID, TestDate, TrialNum, Duration,BaitedRevisits, BaitedVisits, UnbaitedVisits) VALUES(6948,'2013-12-17',1,25.311532043,4,2,10);
INSERT INTO TBI.SHB (AID, TestDate, TrialNum, Duration,BaitedRevisits, BaitedVisits, UnbaitedVisits) VALUES(6948,'2013-12-17',2,42.311884486,0,1,2);
INSERT INTO TBI.SHB (AID, TestDate, TrialNum, Duration,BaitedRevisits, BaitedVisits, UnbaitedVisits) VALUES(6948,'2013-12-17',3,42.5675243794,5,4,2);
INSERT INTO TBI.SHB (AID, TestDate, TrialNum, Duration,BaitedRevisits, BaitedVisits, UnbaitedVisits) VALUES(6948,'2013-12-17',4,52.3363015707,5,6,2);
INSERT INTO TBI.SHB (AID, TestDate, TrialNum, Duration,BaitedRevisits, BaitedVisits, UnbaitedVisits) VALUES(6948,'2013-12-17',5,59.3676465243,7,0,10);
INSERT INTO TBI.SHB (AID, TestDate, TrialNum, Duration,BaitedRevisits, BaitedVisits, UnbaitedVisits) VALUES(6061,'2013-07-13',1,45.5286463758,1,7,5);
INSERT INTO TBI.SHB (AID, TestDate, TrialNum, Duration,BaitedRevisits, BaitedVisits, UnbaitedVisits) VALUES(6061,'2013-07-13',2,24.5153539942,0,0,9);
INSERT INTO TBI.SHB (AID, TestDate, TrialNum, Duration,BaitedRevisits, BaitedVisits, UnbaitedVisits) VALUES(6061,'2013-07-13',3,24.0163879624,6,9,7);
INSERT INTO TBI.SHB (AID, TestDate, TrialNum, Duration,BaitedRevisits, BaitedVisits, UnbaitedVisits) VALUES(6061,'2013-07-13',4,35.5123651097,4,5,0);
INSERT INTO TBI.SHB (AID, TestDate, TrialNum, Duration,BaitedRevisits, BaitedVisits, UnbaitedVisits) VALUES(6061,'2013-07-13',5,29.7887991198,3,1,9);
INSERT INTO TBI.TMaze (AID, TestDate, TrialNum, AlterRate, CorrectRate) VALUES(6464,'2014-03-01',1,0.140367699727,0.317786839759);
INSERT INTO TBI.TMaze (AID, TestDate, TrialNum, AlterRate, CorrectRate) VALUES(6464,'2014-03-01',2,0.610253948428,0.0869991634079);
INSERT INTO TBI.TMaze (AID, TestDate, TrialNum, AlterRate, CorrectRate) VALUES(6464,'2014-03-01',3,0.816383508542,0.0950667560803);
INSERT INTO TBI.TMaze (AID, TestDate, TrialNum, AlterRate, CorrectRate) VALUES(6464,'2014-03-01',4,0.904367221795,0.967814500936);
INSERT INTO TBI.TMaze (AID, TestDate, TrialNum, AlterRate, CorrectRate) VALUES(6464,'2014-03-01',5,0.21083703244,0.46703930826);
INSERT INTO TBI.TMaze (AID, TestDate, TrialNum, AlterRate, CorrectRate) VALUES(6849,'2014-05-12',1,0.766687751663,0.827926521309);
INSERT INTO TBI.TMaze (AID, TestDate, TrialNum, AlterRate, CorrectRate) VALUES(6849,'2014-05-12',2,0.115196036598,0.601029880331);
INSERT INTO TBI.TMaze (AID, TestDate, TrialNum, AlterRate, CorrectRate) VALUES(6849,'2014-05-12',3,0.60492408352,0.0933022827032);
INSERT INTO TBI.TMaze (AID, TestDate, TrialNum, AlterRate, CorrectRate) VALUES(6849,'2014-05-12',4,0.662726161998,0.919272633654);
INSERT INTO TBI.TMaze (AID, TestDate, TrialNum, AlterRate, CorrectRate) VALUES(6849,'2014-05-12',5,0.144011776559,0.823838649074);
INSERT INTO TBI.TMaze (AID, TestDate, TrialNum, AlterRate, CorrectRate) VALUES(6890,'2014-03-09',1,0.813191663818,0.421408262721);
INSERT INTO TBI.TMaze (AID, TestDate, TrialNum, AlterRate, CorrectRate) VALUES(6890,'2014-03-09',2,0.524325551188,0.243668515395);
INSERT INTO TBI.TMaze (AID, TestDate, TrialNum, AlterRate, CorrectRate) VALUES(6890,'2014-03-09',3,0.211108901502,0.472013962973);
INSERT INTO TBI.TMaze (AID, TestDate, TrialNum, AlterRate, CorrectRate) VALUES(6890,'2014-03-09',4,0.317490238723,0.86618041077);
INSERT INTO TBI.TMaze (AID, TestDate, TrialNum, AlterRate, CorrectRate) VALUES(6890,'2014-03-09',5,0.576568000819,0.98336634124);
INSERT INTO TBI.TMaze (AID, TestDate, TrialNum, AlterRate, CorrectRate) VALUES(6948,'2014-01-27',1,0.680350211985,0.162564093034);
INSERT INTO TBI.TMaze (AID, TestDate, TrialNum, AlterRate, CorrectRate) VALUES(6948,'2014-01-27',2,0.0444970109746,0.294931106304);
INSERT INTO TBI.TMaze (AID, TestDate, TrialNum, AlterRate, CorrectRate) VALUES(6948,'2014-01-27',3,0.282947419179,0.677072282731);
INSERT INTO TBI.TMaze (AID, TestDate, TrialNum, AlterRate, CorrectRate) VALUES(6948,'2014-01-27',4,0.172907042583,0.605753507725);
INSERT INTO TBI.TMaze (AID, TestDate, TrialNum, AlterRate, CorrectRate) VALUES(6948,'2014-01-27',5,0.992696709605,0.265856536213);
INSERT INTO TBI.TMaze (AID, TestDate, TrialNum, AlterRate, CorrectRate) VALUES(6061,'2013-09-04',1,0.759543741759,0.365420193881);
INSERT INTO TBI.TMaze (AID, TestDate, TrialNum, AlterRate, CorrectRate) VALUES(6061,'2013-09-04',2,0.659944368538,0.320119331558);
INSERT INTO TBI.TMaze (AID, TestDate, TrialNum, AlterRate, CorrectRate) VALUES(6061,'2013-09-04',3,0.909594306777,0.756507358011);
INSERT INTO TBI.TMaze (AID, TestDate, TrialNum, AlterRate, CorrectRate) VALUES(6061,'2013-09-04',4,0.606808735341,0.800058535602);
INSERT INTO TBI.TMaze (AID, TestDate, TrialNum, AlterRate, CorrectRate) VALUES(6061,'2013-09-04',5,0.83910843827,0.220296164124);
INSERT INTO TBI.Weight (AID, WeightDate, Weight) VALUES(6464,'2014-03-26',11.7657164748);
INSERT INTO TBI.Weight (AID, WeightDate, Weight) VALUES(6849,'2014-04-12',12.3101783833);
INSERT INTO TBI.Weight (AID, WeightDate, Weight) VALUES(6890,'2014-04-13',16.7272363541);
INSERT INTO TBI.Weight (AID, WeightDate, Weight) VALUES(6948,'2014-01-23',17.7192874332);
INSERT INTO TBI.Weight (AID, WeightDate, Weight) VALUES(6061,'2013-09-22',12.2568997125);
INSERT INTO TBI.Weight (AID, WeightDate, Weight) VALUES(6021,'2013-09-22',-12.2568997125);