INSERT INTO TBI.BasicInfo (AID, DOB, Impulse) VALUES(6792,'2013-06-16','2013-12-13');
INSERT INTO TBI.BasicInfo (AID, DOB, Impulse) VALUES(6480,'2013-12-17','2014-06-15');
INSERT INTO TBI.BasicInfo (AID, DOB, Impulse) VALUES(6570,'2013-06-22','2013-12-19');
INSERT INTO TBI.BasicInfo (AID, DOB, Impulse) VALUES(6204,'2013-03-10','2013-09-06');
INSERT INTO TBI.BasicInfo (AID, DOB, Impulse) VALUES(6185,'2013-12-15','2014-06-13');
INSERT INTO TBI.BalanceBeam (AID, TestDate, TrialNum, Duration,FLSlips, FRSlips, BLSlips, BRSlips, FFalls, BFalls, FullBodyFalls) VALUES(6792,'2013-11-13',1,36.4453496517,4,3,0,8,0,0,4);
INSERT INTO TBI.BalanceBeam (AID, TestDate, TrialNum, Duration,FLSlips, FRSlips, BLSlips, BRSlips, FFalls, BFalls, FullBodyFalls) VALUES(6792,'2013-11-13',2,33.8647489686,0,5,3,4,2,6,6);
INSERT INTO TBI.BalanceBeam (AID, TestDate, TrialNum, Duration,FLSlips, FRSlips, BLSlips, BRSlips, FFalls, BFalls, FullBodyFalls) VALUES(6792,'2013-11-13',3,41.1239329927,10,4,5,2,1,8,6);
INSERT INTO TBI.BalanceBeam (AID, TestDate, TrialNum, Duration,FLSlips, FRSlips, BLSlips, BRSlips, FFalls, BFalls, FullBodyFalls) VALUES(6792,'2013-11-13',4,30.9774096183,1,6,5,8,9,1,7);
INSERT INTO TBI.BalanceBeam (AID, TestDate, TrialNum, Duration,FLSlips, FRSlips, BLSlips, BRSlips, FFalls, BFalls, FullBodyFalls) VALUES(6792,'2013-11-13',5,41.3170831156,9,4,8,6,4,6,9);
INSERT INTO TBI.BalanceBeam (AID, TestDate, TrialNum, Duration,FLSlips, FRSlips, BLSlips, BRSlips, FFalls, BFalls, FullBodyFalls) VALUES(6792,'2013-12-22',1,42.2526923754,3,4,1,4,5,3,1);
INSERT INTO TBI.BalanceBeam (AID, TestDate, TrialNum, Duration,FLSlips, FRSlips, BLSlips, BRSlips, FFalls, BFalls, FullBodyFalls) VALUES(6792,'2013-12-22',2,20.8444112189,8,1,7,0,9,10,9);
INSERT INTO TBI.BalanceBeam (AID, TestDate, TrialNum, Duration,FLSlips, FRSlips, BLSlips, BRSlips, FFalls, BFalls, FullBodyFalls) VALUES(6792,'2013-12-22',3,38.3806811418,6,5,1,4,10,0,8);
INSERT INTO TBI.BalanceBeam (AID, TestDate, TrialNum, Duration,FLSlips, FRSlips, BLSlips, BRSlips, FFalls, BFalls, FullBodyFalls) VALUES(6792,'2013-12-22',4,26.8100411383,7,3,2,1,8,4,10);
INSERT INTO TBI.BalanceBeam (AID, TestDate, TrialNum, Duration,FLSlips, FRSlips, BLSlips, BRSlips, FFalls, BFalls, FullBodyFalls) VALUES(6792,'2013-12-22',5,39.3486665519,7,2,2,3,8,6,3);
INSERT INTO TBI.BalanceBeam (AID, TestDate, TrialNum, Duration,FLSlips, FRSlips, BLSlips, BRSlips, FFalls, BFalls, FullBodyFalls) VALUES(6792,'2013-12-03',1,45.9338791187,10,3,4,2,8,7,8);
INSERT INTO TBI.BalanceBeam (AID, TestDate, TrialNum, Duration,FLSlips, FRSlips, BLSlips, BRSlips, FFalls, BFalls, FullBodyFalls) VALUES(6792,'2013-12-03',2,35.5139317805,2,10,2,1,5,4,3);
INSERT INTO TBI.BalanceBeam (AID, TestDate, TrialNum, Duration,FLSlips, FRSlips, BLSlips, BRSlips, FFalls, BFalls, FullBodyFalls) VALUES(6792,'2013-12-03',3,46.5064592387,10,3,7,0,8,2,5);
INSERT INTO TBI.BalanceBeam (AID, TestDate, TrialNum, Duration,FLSlips, FRSlips, BLSlips, BRSlips, FFalls, BFalls, FullBodyFalls) VALUES(6792,'2013-12-03',4,30.1688786968,5,4,9,5,6,7,9);
INSERT INTO TBI.BalanceBeam (AID, TestDate, TrialNum, Duration,FLSlips, FRSlips, BLSlips, BRSlips, FFalls, BFalls, FullBodyFalls) VALUES(6792,'2013-12-03',5,26.2197317717,2,4,0,4,3,3,10);
INSERT INTO TBI.BalanceBeam (AID, TestDate, TrialNum, Duration,FLSlips, FRSlips, BLSlips, BRSlips, FFalls, BFalls, FullBodyFalls) VALUES(6792,'2013-11-06',1,47.7522997748,5,0,7,10,5,0,5);
INSERT INTO TBI.BalanceBeam (AID, TestDate, TrialNum, Duration,FLSlips, FRSlips, BLSlips, BRSlips, FFalls, BFalls, FullBodyFalls) VALUES(6792,'2013-11-06',2,21.4276307938,0,10,2,4,2,3,6);
INSERT INTO TBI.BalanceBeam (AID, TestDate, TrialNum, Duration,FLSlips, FRSlips, BLSlips, BRSlips, FFalls, BFalls, FullBodyFalls) VALUES(6792,'2013-11-06',3,47.8710167463,5,0,10,10,2,6,1);
INSERT INTO TBI.BalanceBeam (AID, TestDate, TrialNum, Duration,FLSlips, FRSlips, BLSlips, BRSlips, FFalls, BFalls, FullBodyFalls) VALUES(6792,'2013-11-06',4,22.7456708576,0,10,8,9,5,10,3);
INSERT INTO TBI.BalanceBeam (AID, TestDate, TrialNum, Duration,FLSlips, FRSlips, BLSlips, BRSlips, FFalls, BFalls, FullBodyFalls) VALUES(6792,'2013-11-06',5,37.877211791,1,6,7,2,7,1,6);
INSERT INTO TBI.BalanceBeam (AID, TestDate, TrialNum, Duration,FLSlips, FRSlips, BLSlips, BRSlips, FFalls, BFalls, FullBodyFalls) VALUES(6480,'2014-06-02',1,41.2540621981,10,2,4,8,5,10,1);
INSERT INTO TBI.BalanceBeam (AID, TestDate, TrialNum, Duration,FLSlips, FRSlips, BLSlips, BRSlips, FFalls, BFalls, FullBodyFalls) VALUES(6480,'2014-06-02',2,28.8952826508,5,7,8,8,3,3,1);
INSERT INTO TBI.BalanceBeam (AID, TestDate, TrialNum, Duration,FLSlips, FRSlips, BLSlips, BRSlips, FFalls, BFalls, FullBodyFalls) VALUES(6480,'2014-06-02',3,43.3959536606,3,2,5,1,6,1,5);
INSERT INTO TBI.BalanceBeam (AID, TestDate, TrialNum, Duration,FLSlips, FRSlips, BLSlips, BRSlips, FFalls, BFalls, FullBodyFalls) VALUES(6480,'2014-06-02',4,35.1961598214,8,7,3,0,0,10,8);
INSERT INTO TBI.BalanceBeam (AID, TestDate, TrialNum, Duration,FLSlips, FRSlips, BLSlips, BRSlips, FFalls, BFalls, FullBodyFalls) VALUES(6480,'2014-06-02',5,43.3898765857,2,2,3,0,4,10,0);
INSERT INTO TBI.BalanceBeam (AID, TestDate, TrialNum, Duration,FLSlips, FRSlips, BLSlips, BRSlips, FFalls, BFalls, FullBodyFalls) VALUES(6480,'2014-05-31',1,28.5314905932,0,2,5,10,4,8,4);
INSERT INTO TBI.BalanceBeam (AID, TestDate, TrialNum, Duration,FLSlips, FRSlips, BLSlips, BRSlips, FFalls, BFalls, FullBodyFalls) VALUES(6480,'2014-05-31',2,38.4488765072,2,2,4,4,10,5,1);
INSERT INTO TBI.BalanceBeam (AID, TestDate, TrialNum, Duration,FLSlips, FRSlips, BLSlips, BRSlips, FFalls, BFalls, FullBodyFalls) VALUES(6480,'2014-05-31',3,21.7254807934,2,10,1,4,3,10,8);
INSERT INTO TBI.BalanceBeam (AID, TestDate, TrialNum, Duration,FLSlips, FRSlips, BLSlips, BRSlips, FFalls, BFalls, FullBodyFalls) VALUES(6480,'2014-05-31',4,36.549179999,1,4,1,7,7,0,1);
INSERT INTO TBI.BalanceBeam (AID, TestDate, TrialNum, Duration,FLSlips, FRSlips, BLSlips, BRSlips, FFalls, BFalls, FullBodyFalls) VALUES(6480,'2014-05-31',5,27.5759689839,6,1,3,0,3,0,7);
INSERT INTO TBI.BalanceBeam (AID, TestDate, TrialNum, Duration,FLSlips, FRSlips, BLSlips, BRSlips, FFalls, BFalls, FullBodyFalls) VALUES(6480,'2014-05-20',1,29.209522861,1,5,2,2,4,4,4);
INSERT INTO TBI.BalanceBeam (AID, TestDate, TrialNum, Duration,FLSlips, FRSlips, BLSlips, BRSlips, FFalls, BFalls, FullBodyFalls) VALUES(6480,'2014-05-20',2,42.3452291498,2,2,0,2,0,4,8);
INSERT INTO TBI.BalanceBeam (AID, TestDate, TrialNum, Duration,FLSlips, FRSlips, BLSlips, BRSlips, FFalls, BFalls, FullBodyFalls) VALUES(6480,'2014-05-20',3,31.9035362179,1,1,6,3,3,4,2);
INSERT INTO TBI.BalanceBeam (AID, TestDate, TrialNum, Duration,FLSlips, FRSlips, BLSlips, BRSlips, FFalls, BFalls, FullBodyFalls) VALUES(6480,'2014-05-20',4,36.1660726176,10,9,6,6,3,3,8);
INSERT INTO TBI.BalanceBeam (AID, TestDate, TrialNum, Duration,FLSlips, FRSlips, BLSlips, BRSlips, FFalls, BFalls, FullBodyFalls) VALUES(6480,'2014-05-20',5,30.4573550306,0,1,6,5,5,2,0);
INSERT INTO TBI.BalanceBeam (AID, TestDate, TrialNum, Duration,FLSlips, FRSlips, BLSlips, BRSlips, FFalls, BFalls, FullBodyFalls) VALUES(6480,'2014-05-14',1,24.9490584898,1,2,7,6,8,7,1);
INSERT INTO TBI.BalanceBeam (AID, TestDate, TrialNum, Duration,FLSlips, FRSlips, BLSlips, BRSlips, FFalls, BFalls, FullBodyFalls) VALUES(6480,'2014-05-14',2,38.7557658102,4,4,10,10,1,8,0);
INSERT INTO TBI.BalanceBeam (AID, TestDate, TrialNum, Duration,FLSlips, FRSlips, BLSlips, BRSlips, FFalls, BFalls, FullBodyFalls) VALUES(6480,'2014-05-14',3,25.2787885942,0,3,8,8,5,1,5);
INSERT INTO TBI.BalanceBeam (AID, TestDate, TrialNum, Duration,FLSlips, FRSlips, BLSlips, BRSlips, FFalls, BFalls, FullBodyFalls) VALUES(6480,'2014-05-14',4,20.4716422424,1,1,2,3,4,8,9);
INSERT INTO TBI.BalanceBeam (AID, TestDate, TrialNum, Duration,FLSlips, FRSlips, BLSlips, BRSlips, FFalls, BFalls, FullBodyFalls) VALUES(6480,'2014-05-14',5,45.4889094881,5,10,7,0,3,9,5);
INSERT INTO TBI.BalanceBeam (AID, TestDate, TrialNum, Duration,FLSlips, FRSlips, BLSlips, BRSlips, FFalls, BFalls, FullBodyFalls) VALUES(6570,'2013-12-01',1,30.1288063742,1,4,3,9,8,0,1);
INSERT INTO TBI.BalanceBeam (AID, TestDate, TrialNum, Duration,FLSlips, FRSlips, BLSlips, BRSlips, FFalls, BFalls, FullBodyFalls) VALUES(6570,'2013-12-01',2,35.5090577994,5,1,7,3,2,4,4);
INSERT INTO TBI.BalanceBeam (AID, TestDate, TrialNum, Duration,FLSlips, FRSlips, BLSlips, BRSlips, FFalls, BFalls, FullBodyFalls) VALUES(6570,'2013-12-01',3,39.1250499986,8,2,9,10,1,5,1);
INSERT INTO TBI.BalanceBeam (AID, TestDate, TrialNum, Duration,FLSlips, FRSlips, BLSlips, BRSlips, FFalls, BFalls, FullBodyFalls) VALUES(6570,'2013-12-01',4,44.7442472197,8,8,8,7,3,8,9);
INSERT INTO TBI.BalanceBeam (AID, TestDate, TrialNum, Duration,FLSlips, FRSlips, BLSlips, BRSlips, FFalls, BFalls, FullBodyFalls) VALUES(6570,'2013-12-01',5,31.1487272433,1,0,0,7,2,7,4);
INSERT INTO TBI.BalanceBeam (AID, TestDate, TrialNum, Duration,FLSlips, FRSlips, BLSlips, BRSlips, FFalls, BFalls, FullBodyFalls) VALUES(6570,'2013-11-29',1,31.6581812175,3,3,8,0,1,3,5);
INSERT INTO TBI.BalanceBeam (AID, TestDate, TrialNum, Duration,FLSlips, FRSlips, BLSlips, BRSlips, FFalls, BFalls, FullBodyFalls) VALUES(6570,'2013-11-29',2,27.2174020616,10,4,8,3,2,0,2);
INSERT INTO TBI.BalanceBeam (AID, TestDate, TrialNum, Duration,FLSlips, FRSlips, BLSlips, BRSlips, FFalls, BFalls, FullBodyFalls) VALUES(6570,'2013-11-29',3,29.2632356643,6,0,6,6,3,2,10);
INSERT INTO TBI.BalanceBeam (AID, TestDate, TrialNum, Duration,FLSlips, FRSlips, BLSlips, BRSlips, FFalls, BFalls, FullBodyFalls) VALUES(6570,'2013-11-29',4,41.9694655773,3,8,4,7,6,0,9);
INSERT INTO TBI.BalanceBeam (AID, TestDate, TrialNum, Duration,FLSlips, FRSlips, BLSlips, BRSlips, FFalls, BFalls, FullBodyFalls) VALUES(6570,'2013-11-29',5,49.2087011505,8,4,9,9,8,5,9);
INSERT INTO TBI.BalanceBeam (AID, TestDate, TrialNum, Duration,FLSlips, FRSlips, BLSlips, BRSlips, FFalls, BFalls, FullBodyFalls) VALUES(6570,'2013-10-26',1,22.3465935808,4,5,6,2,0,9,6);
INSERT INTO TBI.BalanceBeam (AID, TestDate, TrialNum, Duration,FLSlips, FRSlips, BLSlips, BRSlips, FFalls, BFalls, FullBodyFalls) VALUES(6570,'2013-10-26',2,49.4114925592,7,1,6,4,6,6,3);
INSERT INTO TBI.BalanceBeam (AID, TestDate, TrialNum, Duration,FLSlips, FRSlips, BLSlips, BRSlips, FFalls, BFalls, FullBodyFalls) VALUES(6570,'2013-10-26',3,36.2265569771,10,5,5,4,5,2,6);
INSERT INTO TBI.BalanceBeam (AID, TestDate, TrialNum, Duration,FLSlips, FRSlips, BLSlips, BRSlips, FFalls, BFalls, FullBodyFalls) VALUES(6570,'2013-10-26',4,20.1047207946,2,7,1,6,0,6,0);
INSERT INTO TBI.BalanceBeam (AID, TestDate, TrialNum, Duration,FLSlips, FRSlips, BLSlips, BRSlips, FFalls, BFalls, FullBodyFalls) VALUES(6570,'2013-10-26',5,22.6140393896,8,8,10,8,10,3,5);
INSERT INTO TBI.BalanceBeam (AID, TestDate, TrialNum, Duration,FLSlips, FRSlips, BLSlips, BRSlips, FFalls, BFalls, FullBodyFalls) VALUES(6570,'2013-11-14',1,26.8896047388,3,2,2,6,7,8,10);
INSERT INTO TBI.BalanceBeam (AID, TestDate, TrialNum, Duration,FLSlips, FRSlips, BLSlips, BRSlips, FFalls, BFalls, FullBodyFalls) VALUES(6570,'2013-11-14',2,26.62757861,8,5,8,5,1,8,4);
INSERT INTO TBI.BalanceBeam (AID, TestDate, TrialNum, Duration,FLSlips, FRSlips, BLSlips, BRSlips, FFalls, BFalls, FullBodyFalls) VALUES(6570,'2013-11-14',3,35.2677048453,9,7,10,0,4,1,3);
INSERT INTO TBI.BalanceBeam (AID, TestDate, TrialNum, Duration,FLSlips, FRSlips, BLSlips, BRSlips, FFalls, BFalls, FullBodyFalls) VALUES(6570,'2013-11-14',4,29.3298228669,9,2,0,2,5,3,6);
INSERT INTO TBI.BalanceBeam (AID, TestDate, TrialNum, Duration,FLSlips, FRSlips, BLSlips, BRSlips, FFalls, BFalls, FullBodyFalls) VALUES(6570,'2013-11-14',5,41.1364824709,3,9,5,6,6,4,10);
INSERT INTO TBI.BalanceBeam (AID, TestDate, TrialNum, Duration,FLSlips, FRSlips, BLSlips, BRSlips, FFalls, BFalls, FullBodyFalls) VALUES(6204,'2013-08-23',1,27.9906338288,3,7,7,0,6,2,7);
INSERT INTO TBI.BalanceBeam (AID, TestDate, TrialNum, Duration,FLSlips, FRSlips, BLSlips, BRSlips, FFalls, BFalls, FullBodyFalls) VALUES(6204,'2013-08-23',2,48.3568963933,0,6,6,4,8,5,4);
INSERT INTO TBI.BalanceBeam (AID, TestDate, TrialNum, Duration,FLSlips, FRSlips, BLSlips, BRSlips, FFalls, BFalls, FullBodyFalls) VALUES(6204,'2013-08-23',3,26.8450236927,3,10,7,10,9,3,6);
INSERT INTO TBI.BalanceBeam (AID, TestDate, TrialNum, Duration,FLSlips, FRSlips, BLSlips, BRSlips, FFalls, BFalls, FullBodyFalls) VALUES(6204,'2013-08-23',4,38.4644184686,4,9,8,10,8,3,2);
INSERT INTO TBI.BalanceBeam (AID, TestDate, TrialNum, Duration,FLSlips, FRSlips, BLSlips, BRSlips, FFalls, BFalls, FullBodyFalls) VALUES(6204,'2013-08-23',5,21.3110993274,7,6,5,0,3,3,6);
INSERT INTO TBI.BalanceBeam (AID, TestDate, TrialNum, Duration,FLSlips, FRSlips, BLSlips, BRSlips, FFalls, BFalls, FullBodyFalls) VALUES(6204,'2013-09-20',1,40.6091516686,1,3,10,3,2,1,6);
INSERT INTO TBI.BalanceBeam (AID, TestDate, TrialNum, Duration,FLSlips, FRSlips, BLSlips, BRSlips, FFalls, BFalls, FullBodyFalls) VALUES(6204,'2013-09-20',2,28.9224698974,3,8,2,9,6,5,9);
INSERT INTO TBI.BalanceBeam (AID, TestDate, TrialNum, Duration,FLSlips, FRSlips, BLSlips, BRSlips, FFalls, BFalls, FullBodyFalls) VALUES(6204,'2013-09-20',3,45.149526838,9,4,3,1,1,3,5);
INSERT INTO TBI.BalanceBeam (AID, TestDate, TrialNum, Duration,FLSlips, FRSlips, BLSlips, BRSlips, FFalls, BFalls, FullBodyFalls) VALUES(6204,'2013-09-20',4,49.4697962656,1,8,1,10,5,8,10);
INSERT INTO TBI.BalanceBeam (AID, TestDate, TrialNum, Duration,FLSlips, FRSlips, BLSlips, BRSlips, FFalls, BFalls, FullBodyFalls) VALUES(6204,'2013-09-20',5,37.8931654388,8,4,10,4,7,5,7);
INSERT INTO TBI.BalanceBeam (AID, TestDate, TrialNum, Duration,FLSlips, FRSlips, BLSlips, BRSlips, FFalls, BFalls, FullBodyFalls) VALUES(6204,'2013-08-03',1,34.2385977105,3,9,6,6,1,7,1);
INSERT INTO TBI.BalanceBeam (AID, TestDate, TrialNum, Duration,FLSlips, FRSlips, BLSlips, BRSlips, FFalls, BFalls, FullBodyFalls) VALUES(6204,'2013-08-03',2,45.6457682823,10,10,1,4,9,5,1);
INSERT INTO TBI.BalanceBeam (AID, TestDate, TrialNum, Duration,FLSlips, FRSlips, BLSlips, BRSlips, FFalls, BFalls, FullBodyFalls) VALUES(6204,'2013-08-03',3,48.4047900904,1,6,2,4,7,7,9);
INSERT INTO TBI.BalanceBeam (AID, TestDate, TrialNum, Duration,FLSlips, FRSlips, BLSlips, BRSlips, FFalls, BFalls, FullBodyFalls) VALUES(6204,'2013-08-03',4,23.8161213806,3,6,8,5,9,7,10);
INSERT INTO TBI.BalanceBeam (AID, TestDate, TrialNum, Duration,FLSlips, FRSlips, BLSlips, BRSlips, FFalls, BFalls, FullBodyFalls) VALUES(6204,'2013-08-03',5,23.9913188839,7,8,9,9,1,6,5);
INSERT INTO TBI.BalanceBeam (AID, TestDate, TrialNum, Duration,FLSlips, FRSlips, BLSlips, BRSlips, FFalls, BFalls, FullBodyFalls) VALUES(6204,'2013-08-27',1,25.9277534897,10,7,1,10,7,8,5);
INSERT INTO TBI.BalanceBeam (AID, TestDate, TrialNum, Duration,FLSlips, FRSlips, BLSlips, BRSlips, FFalls, BFalls, FullBodyFalls) VALUES(6204,'2013-08-27',2,43.5478473897,2,3,9,1,4,5,5);
INSERT INTO TBI.BalanceBeam (AID, TestDate, TrialNum, Duration,FLSlips, FRSlips, BLSlips, BRSlips, FFalls, BFalls, FullBodyFalls) VALUES(6204,'2013-08-27',3,39.8450997093,0,1,5,2,2,9,3);
INSERT INTO TBI.BalanceBeam (AID, TestDate, TrialNum, Duration,FLSlips, FRSlips, BLSlips, BRSlips, FFalls, BFalls, FullBodyFalls) VALUES(6204,'2013-08-27',4,39.4475888746,3,9,7,4,4,5,10);
INSERT INTO TBI.BalanceBeam (AID, TestDate, TrialNum, Duration,FLSlips, FRSlips, BLSlips, BRSlips, FFalls, BFalls, FullBodyFalls) VALUES(6204,'2013-08-27',5,42.984969941,5,5,2,0,1,1,6);
INSERT INTO TBI.BalanceBeam (AID, TestDate, TrialNum, Duration,FLSlips, FRSlips, BLSlips, BRSlips, FFalls, BFalls, FullBodyFalls) VALUES(6185,'2014-07-03',1,49.1035691613,1,10,1,4,7,10,8);
INSERT INTO TBI.BalanceBeam (AID, TestDate, TrialNum, Duration,FLSlips, FRSlips, BLSlips, BRSlips, FFalls, BFalls, FullBodyFalls) VALUES(6185,'2014-07-03',2,26.8865847092,5,7,5,8,9,6,0);
INSERT INTO TBI.BalanceBeam (AID, TestDate, TrialNum, Duration,FLSlips, FRSlips, BLSlips, BRSlips, FFalls, BFalls, FullBodyFalls) VALUES(6185,'2014-07-03',3,32.1573021956,4,4,4,4,7,8,10);
INSERT INTO TBI.BalanceBeam (AID, TestDate, TrialNum, Duration,FLSlips, FRSlips, BLSlips, BRSlips, FFalls, BFalls, FullBodyFalls) VALUES(6185,'2014-07-03',4,45.5653170673,4,1,8,0,10,5,9);
INSERT INTO TBI.BalanceBeam (AID, TestDate, TrialNum, Duration,FLSlips, FRSlips, BLSlips, BRSlips, FFalls, BFalls, FullBodyFalls) VALUES(6185,'2014-07-03',5,49.1945217761,5,7,9,3,3,10,0);
INSERT INTO TBI.BalanceBeam (AID, TestDate, TrialNum, Duration,FLSlips, FRSlips, BLSlips, BRSlips, FFalls, BFalls, FullBodyFalls) VALUES(6185,'2014-04-03',1,33.8100775918,0,8,7,9,5,0,5);
INSERT INTO TBI.BalanceBeam (AID, TestDate, TrialNum, Duration,FLSlips, FRSlips, BLSlips, BRSlips, FFalls, BFalls, FullBodyFalls) VALUES(6185,'2014-04-03',2,31.2903954332,5,6,3,2,3,0,1);
INSERT INTO TBI.BalanceBeam (AID, TestDate, TrialNum, Duration,FLSlips, FRSlips, BLSlips, BRSlips, FFalls, BFalls, FullBodyFalls) VALUES(6185,'2014-04-03',3,45.2309280215,6,6,8,5,9,8,8);
INSERT INTO TBI.BalanceBeam (AID, TestDate, TrialNum, Duration,FLSlips, FRSlips, BLSlips, BRSlips, FFalls, BFalls, FullBodyFalls) VALUES(6185,'2014-04-03',4,47.6239468144,5,3,8,0,1,1,6);
INSERT INTO TBI.BalanceBeam (AID, TestDate, TrialNum, Duration,FLSlips, FRSlips, BLSlips, BRSlips, FFalls, BFalls, FullBodyFalls) VALUES(6185,'2014-04-03',5,32.6562015771,6,5,3,6,3,4,9);
INSERT INTO TBI.BalanceBeam (AID, TestDate, TrialNum, Duration,FLSlips, FRSlips, BLSlips, BRSlips, FFalls, BFalls, FullBodyFalls) VALUES(6185,'2014-04-29',1,49.1305916336,9,10,0,7,5,3,1);
INSERT INTO TBI.BalanceBeam (AID, TestDate, TrialNum, Duration,FLSlips, FRSlips, BLSlips, BRSlips, FFalls, BFalls, FullBodyFalls) VALUES(6185,'2014-04-29',2,26.4551162108,2,9,7,9,5,3,2);
INSERT INTO TBI.BalanceBeam (AID, TestDate, TrialNum, Duration,FLSlips, FRSlips, BLSlips, BRSlips, FFalls, BFalls, FullBodyFalls) VALUES(6185,'2014-04-29',3,33.1011992632,4,4,0,1,4,5,1);
INSERT INTO TBI.BalanceBeam (AID, TestDate, TrialNum, Duration,FLSlips, FRSlips, BLSlips, BRSlips, FFalls, BFalls, FullBodyFalls) VALUES(6185,'2014-04-29',4,21.9702148543,3,9,1,6,3,2,0);
INSERT INTO TBI.BalanceBeam (AID, TestDate, TrialNum, Duration,FLSlips, FRSlips, BLSlips, BRSlips, FFalls, BFalls, FullBodyFalls) VALUES(6185,'2014-04-29',5,22.3808466647,7,6,2,0,3,3,1);
INSERT INTO TBI.BalanceBeam (AID, TestDate, TrialNum, Duration,FLSlips, FRSlips, BLSlips, BRSlips, FFalls, BFalls, FullBodyFalls) VALUES(6185,'2014-04-21',1,49.2529686369,4,5,2,4,0,9,8);
INSERT INTO TBI.BalanceBeam (AID, TestDate, TrialNum, Duration,FLSlips, FRSlips, BLSlips, BRSlips, FFalls, BFalls, FullBodyFalls) VALUES(6185,'2014-04-21',2,24.1968471105,9,5,0,2,8,0,7);
INSERT INTO TBI.BalanceBeam (AID, TestDate, TrialNum, Duration,FLSlips, FRSlips, BLSlips, BRSlips, FFalls, BFalls, FullBodyFalls) VALUES(6185,'2014-04-21',3,28.7856131594,7,7,3,1,2,0,3);
INSERT INTO TBI.BalanceBeam (AID, TestDate, TrialNum, Duration,FLSlips, FRSlips, BLSlips, BRSlips, FFalls, BFalls, FullBodyFalls) VALUES(6185,'2014-04-21',4,26.5008502042,7,2,9,4,6,4,8);
INSERT INTO TBI.BalanceBeam (AID, TestDate, TrialNum, Duration,FLSlips, FRSlips, BLSlips, BRSlips, FFalls, BFalls, FullBodyFalls) VALUES(6185,'2014-04-21',5,48.9227479746,8,7,4,8,7,6,9);
INSERT INTO TBI.GNG (AID, TestDate, Correctness) VALUES(6792,'2013-12-09',0.897692464392);
INSERT INTO TBI.GNG (AID, TestDate, Correctness) VALUES(6792,'2013-10-13',0.117781754627);
INSERT INTO TBI.GNG (AID, TestDate, Correctness) VALUES(6792,'2013-11-16',0.220235483116);
INSERT INTO TBI.GNG (AID, TestDate, Correctness) VALUES(6792,'2013-09-26',0.44512149957);
INSERT INTO TBI.GNG (AID, TestDate, Correctness) VALUES(6480,'2014-04-07',0.268250581185);
INSERT INTO TBI.GNG (AID, TestDate, Correctness) VALUES(6480,'2014-03-29',0.820028300361);
INSERT INTO TBI.GNG (AID, TestDate, Correctness) VALUES(6480,'2014-03-27',0.285004978927);
INSERT INTO TBI.GNG (AID, TestDate, Correctness) VALUES(6480,'2014-04-18',0.650463818796);
INSERT INTO TBI.GNG (AID, TestDate, Correctness) VALUES(6570,'2013-11-23',0.998013743112);
INSERT INTO TBI.GNG (AID, TestDate, Correctness) VALUES(6570,'2013-10-27',0.370793583047);
INSERT INTO TBI.GNG (AID, TestDate, Correctness) VALUES(6570,'2013-10-02',0.183698015625);
INSERT INTO TBI.GNG (AID, TestDate, Correctness) VALUES(6570,'2013-11-27',0.68522712177);
INSERT INTO TBI.GNG (AID, TestDate, Correctness) VALUES(6204,'2013-07-09',0.72568545212);
INSERT INTO TBI.GNG (AID, TestDate, Correctness) VALUES(6204,'2013-08-16',0.315621609489);
INSERT INTO TBI.GNG (AID, TestDate, Correctness) VALUES(6204,'2013-09-25',0.0626778651291);
INSERT INTO TBI.GNG (AID, TestDate, Correctness) VALUES(6204,'2013-08-09',0.465319919053);
INSERT INTO TBI.GNG (AID, TestDate, Correctness) VALUES(6185,'2014-03-31',0.00868778741134);
INSERT INTO TBI.GNG (AID, TestDate, Correctness) VALUES(6185,'2014-05-29',0.259469381299);
INSERT INTO TBI.GNG (AID, TestDate, Correctness) VALUES(6185,'2014-04-10',0.172602722271);
INSERT INTO TBI.GNG (AID, TestDate, Correctness) VALUES(6185,'2014-06-04',0.764202419784);
INSERT INTO TBI.SHB (AID, TestDate, TrialNum, Duration,BaitedRevisits, BaitedVisits, UnbaitedVisits) VALUES(6792,'2013-12-29',1,55.4289757742,0,1,7);
INSERT INTO TBI.SHB (AID, TestDate, TrialNum, Duration,BaitedRevisits, BaitedVisits, UnbaitedVisits) VALUES(6792,'2013-12-29',2,57.9367671234,1,5,7);
INSERT INTO TBI.SHB (AID, TestDate, TrialNum, Duration,BaitedRevisits, BaitedVisits, UnbaitedVisits) VALUES(6792,'2013-12-29',3,53.2891971933,4,4,9);
INSERT INTO TBI.SHB (AID, TestDate, TrialNum, Duration,BaitedRevisits, BaitedVisits, UnbaitedVisits) VALUES(6792,'2013-12-29',4,47.8695607117,6,6,7);
INSERT INTO TBI.SHB (AID, TestDate, TrialNum, Duration,BaitedRevisits, BaitedVisits, UnbaitedVisits) VALUES(6792,'2013-12-29',5,52.1968258143,5,4,2);
INSERT INTO TBI.SHB (AID, TestDate, TrialNum, Duration,BaitedRevisits, BaitedVisits, UnbaitedVisits) VALUES(6792,'2014-01-02',1,52.5374792692,1,0,4);
INSERT INTO TBI.SHB (AID, TestDate, TrialNum, Duration,BaitedRevisits, BaitedVisits, UnbaitedVisits) VALUES(6792,'2014-01-02',2,28.4340156597,8,8,10);
INSERT INTO TBI.SHB (AID, TestDate, TrialNum, Duration,BaitedRevisits, BaitedVisits, UnbaitedVisits) VALUES(6792,'2014-01-02',3,59.8521764964,10,5,10);
INSERT INTO TBI.SHB (AID, TestDate, TrialNum, Duration,BaitedRevisits, BaitedVisits, UnbaitedVisits) VALUES(6792,'2014-01-02',4,38.9209969832,2,1,6);
INSERT INTO TBI.SHB (AID, TestDate, TrialNum, Duration,BaitedRevisits, BaitedVisits, UnbaitedVisits) VALUES(6792,'2014-01-02',5,45.4759058165,7,7,8);
INSERT INTO TBI.SHB (AID, TestDate, TrialNum, Duration,BaitedRevisits, BaitedVisits, UnbaitedVisits) VALUES(6792,'2013-10-29',1,24.5431896909,10,10,8);
INSERT INTO TBI.SHB (AID, TestDate, TrialNum, Duration,BaitedRevisits, BaitedVisits, UnbaitedVisits) VALUES(6792,'2013-10-29',2,20.4322245371,5,0,6);
INSERT INTO TBI.SHB (AID, TestDate, TrialNum, Duration,BaitedRevisits, BaitedVisits, UnbaitedVisits) VALUES(6792,'2013-10-29',3,33.1980503836,1,0,0);
INSERT INTO TBI.SHB (AID, TestDate, TrialNum, Duration,BaitedRevisits, BaitedVisits, UnbaitedVisits) VALUES(6792,'2013-10-29',4,42.5089587399,4,10,7);
INSERT INTO TBI.SHB (AID, TestDate, TrialNum, Duration,BaitedRevisits, BaitedVisits, UnbaitedVisits) VALUES(6792,'2013-10-29',5,31.1838333586,1,0,3);
INSERT INTO TBI.SHB (AID, TestDate, TrialNum, Duration,BaitedRevisits, BaitedVisits, UnbaitedVisits) VALUES(6792,'2013-12-10',1,27.4781549811,0,8,0);
INSERT INTO TBI.SHB (AID, TestDate, TrialNum, Duration,BaitedRevisits, BaitedVisits, UnbaitedVisits) VALUES(6792,'2013-12-10',2,27.4106596206,3,1,10);
INSERT INTO TBI.SHB (AID, TestDate, TrialNum, Duration,BaitedRevisits, BaitedVisits, UnbaitedVisits) VALUES(6792,'2013-12-10',3,36.7479791356,8,6,7);
INSERT INTO TBI.SHB (AID, TestDate, TrialNum, Duration,BaitedRevisits, BaitedVisits, UnbaitedVisits) VALUES(6792,'2013-12-10',4,45.0602281217,8,7,8);
INSERT INTO TBI.SHB (AID, TestDate, TrialNum, Duration,BaitedRevisits, BaitedVisits, UnbaitedVisits) VALUES(6792,'2013-12-10',5,51.3277884629,10,3,2);
INSERT INTO TBI.SHB (AID, TestDate, TrialNum, Duration,BaitedRevisits, BaitedVisits, UnbaitedVisits) VALUES(6792,'2013-11-30',1,57.9840147315,9,1,9);
INSERT INTO TBI.SHB (AID, TestDate, TrialNum, Duration,BaitedRevisits, BaitedVisits, UnbaitedVisits) VALUES(6792,'2013-11-30',2,34.8058467429,10,3,9);
INSERT INTO TBI.SHB (AID, TestDate, TrialNum, Duration,BaitedRevisits, BaitedVisits, UnbaitedVisits) VALUES(6792,'2013-11-30',3,54.0935935953,8,2,4);
INSERT INTO TBI.SHB (AID, TestDate, TrialNum, Duration,BaitedRevisits, BaitedVisits, UnbaitedVisits) VALUES(6792,'2013-11-30',4,27.2811342728,7,5,1);
INSERT INTO TBI.SHB (AID, TestDate, TrialNum, Duration,BaitedRevisits, BaitedVisits, UnbaitedVisits) VALUES(6792,'2013-11-30',5,43.000837458,7,1,1);
INSERT INTO TBI.SHB (AID, TestDate, TrialNum, Duration,BaitedRevisits, BaitedVisits, UnbaitedVisits) VALUES(6792,'2013-12-18',1,51.6431220975,0,4,6);
INSERT INTO TBI.SHB (AID, TestDate, TrialNum, Duration,BaitedRevisits, BaitedVisits, UnbaitedVisits) VALUES(6792,'2013-12-18',2,30.6606093977,9,6,0);
INSERT INTO TBI.SHB (AID, TestDate, TrialNum, Duration,BaitedRevisits, BaitedVisits, UnbaitedVisits) VALUES(6792,'2013-12-18',3,58.898193379,2,8,7);
INSERT INTO TBI.SHB (AID, TestDate, TrialNum, Duration,BaitedRevisits, BaitedVisits, UnbaitedVisits) VALUES(6792,'2013-12-18',4,26.1883029059,0,6,8);
INSERT INTO TBI.SHB (AID, TestDate, TrialNum, Duration,BaitedRevisits, BaitedVisits, UnbaitedVisits) VALUES(6792,'2013-12-18',5,47.0475880318,1,8,0);
INSERT INTO TBI.SHB (AID, TestDate, TrialNum, Duration,BaitedRevisits, BaitedVisits, UnbaitedVisits) VALUES(6792,'2013-09-28',1,28.432724604,4,4,5);
INSERT INTO TBI.SHB (AID, TestDate, TrialNum, Duration,BaitedRevisits, BaitedVisits, UnbaitedVisits) VALUES(6792,'2013-09-28',2,54.5943520833,10,2,4);
INSERT INTO TBI.SHB (AID, TestDate, TrialNum, Duration,BaitedRevisits, BaitedVisits, UnbaitedVisits) VALUES(6792,'2013-09-28',3,41.0452427214,10,1,6);
INSERT INTO TBI.SHB (AID, TestDate, TrialNum, Duration,BaitedRevisits, BaitedVisits, UnbaitedVisits) VALUES(6792,'2013-09-28',4,55.9888089709,5,0,10);
INSERT INTO TBI.SHB (AID, TestDate, TrialNum, Duration,BaitedRevisits, BaitedVisits, UnbaitedVisits) VALUES(6792,'2013-09-28',5,48.9126837898,0,8,7);
INSERT INTO TBI.SHB (AID, TestDate, TrialNum, Duration,BaitedRevisits, BaitedVisits, UnbaitedVisits) VALUES(6480,'2014-05-08',1,20.9275486644,2,5,0);
INSERT INTO TBI.SHB (AID, TestDate, TrialNum, Duration,BaitedRevisits, BaitedVisits, UnbaitedVisits) VALUES(6480,'2014-05-08',2,21.7960420805,8,0,9);
INSERT INTO TBI.SHB (AID, TestDate, TrialNum, Duration,BaitedRevisits, BaitedVisits, UnbaitedVisits) VALUES(6480,'2014-05-08',3,53.3718167823,4,0,4);
INSERT INTO TBI.SHB (AID, TestDate, TrialNum, Duration,BaitedRevisits, BaitedVisits, UnbaitedVisits) VALUES(6480,'2014-05-08',4,36.5806111597,0,5,4);
INSERT INTO TBI.SHB (AID, TestDate, TrialNum, Duration,BaitedRevisits, BaitedVisits, UnbaitedVisits) VALUES(6480,'2014-05-08',5,30.0505720211,5,2,5);
INSERT INTO TBI.SHB (AID, TestDate, TrialNum, Duration,BaitedRevisits, BaitedVisits, UnbaitedVisits) VALUES(6480,'2014-06-25',1,50.5906191611,2,0,6);
INSERT INTO TBI.SHB (AID, TestDate, TrialNum, Duration,BaitedRevisits, BaitedVisits, UnbaitedVisits) VALUES(6480,'2014-06-25',2,31.3868342187,5,5,5);
INSERT INTO TBI.SHB (AID, TestDate, TrialNum, Duration,BaitedRevisits, BaitedVisits, UnbaitedVisits) VALUES(6480,'2014-06-25',3,37.8086186393,6,0,2);
INSERT INTO TBI.SHB (AID, TestDate, TrialNum, Duration,BaitedRevisits, BaitedVisits, UnbaitedVisits) VALUES(6480,'2014-06-25',4,42.8709746558,8,6,5);
INSERT INTO TBI.SHB (AID, TestDate, TrialNum, Duration,BaitedRevisits, BaitedVisits, UnbaitedVisits) VALUES(6480,'2014-06-25',5,25.7620146638,10,6,7);
INSERT INTO TBI.SHB (AID, TestDate, TrialNum, Duration,BaitedRevisits, BaitedVisits, UnbaitedVisits) VALUES(6480,'2014-04-28',1,28.1782143636,6,3,7);
INSERT INTO TBI.SHB (AID, TestDate, TrialNum, Duration,BaitedRevisits, BaitedVisits, UnbaitedVisits) VALUES(6480,'2014-04-28',2,33.8937812316,5,5,10);
INSERT INTO TBI.SHB (AID, TestDate, TrialNum, Duration,BaitedRevisits, BaitedVisits, UnbaitedVisits) VALUES(6480,'2014-04-28',3,57.5854079386,9,4,7);
INSERT INTO TBI.SHB (AID, TestDate, TrialNum, Duration,BaitedRevisits, BaitedVisits, UnbaitedVisits) VALUES(6480,'2014-04-28',4,29.9891985263,1,1,2);
INSERT INTO TBI.SHB (AID, TestDate, TrialNum, Duration,BaitedRevisits, BaitedVisits, UnbaitedVisits) VALUES(6480,'2014-04-28',5,51.2834603198,3,9,8);
INSERT INTO TBI.SHB (AID, TestDate, TrialNum, Duration,BaitedRevisits, BaitedVisits, UnbaitedVisits) VALUES(6480,'2014-06-09',1,55.5210876518,1,4,10);
INSERT INTO TBI.SHB (AID, TestDate, TrialNum, Duration,BaitedRevisits, BaitedVisits, UnbaitedVisits) VALUES(6480,'2014-06-09',2,22.9163970301,10,4,6);
INSERT INTO TBI.SHB (AID, TestDate, TrialNum, Duration,BaitedRevisits, BaitedVisits, UnbaitedVisits) VALUES(6480,'2014-06-09',3,33.1339792858,1,6,9);
INSERT INTO TBI.SHB (AID, TestDate, TrialNum, Duration,BaitedRevisits, BaitedVisits, UnbaitedVisits) VALUES(6480,'2014-06-09',4,26.7660338635,2,3,7);
INSERT INTO TBI.SHB (AID, TestDate, TrialNum, Duration,BaitedRevisits, BaitedVisits, UnbaitedVisits) VALUES(6480,'2014-06-09',5,57.4912473612,4,1,4);
INSERT INTO TBI.SHB (AID, TestDate, TrialNum, Duration,BaitedRevisits, BaitedVisits, UnbaitedVisits) VALUES(6480,'2014-04-03',1,57.3903647358,6,8,9);
INSERT INTO TBI.SHB (AID, TestDate, TrialNum, Duration,BaitedRevisits, BaitedVisits, UnbaitedVisits) VALUES(6480,'2014-04-03',2,26.5451205766,6,4,0);
INSERT INTO TBI.SHB (AID, TestDate, TrialNum, Duration,BaitedRevisits, BaitedVisits, UnbaitedVisits) VALUES(6480,'2014-04-03',3,57.2316050826,10,1,10);
INSERT INTO TBI.SHB (AID, TestDate, TrialNum, Duration,BaitedRevisits, BaitedVisits, UnbaitedVisits) VALUES(6480,'2014-04-03',4,21.3772008132,4,1,3);
INSERT INTO TBI.SHB (AID, TestDate, TrialNum, Duration,BaitedRevisits, BaitedVisits, UnbaitedVisits) VALUES(6480,'2014-04-03',5,40.6814778707,2,10,4);
INSERT INTO TBI.SHB (AID, TestDate, TrialNum, Duration,BaitedRevisits, BaitedVisits, UnbaitedVisits) VALUES(6480,'2014-06-07',1,33.7309099861,5,4,0);
INSERT INTO TBI.SHB (AID, TestDate, TrialNum, Duration,BaitedRevisits, BaitedVisits, UnbaitedVisits) VALUES(6480,'2014-06-07',2,45.8414772985,10,6,1);
INSERT INTO TBI.SHB (AID, TestDate, TrialNum, Duration,BaitedRevisits, BaitedVisits, UnbaitedVisits) VALUES(6480,'2014-06-07',3,51.6567797723,9,10,9);
INSERT INTO TBI.SHB (AID, TestDate, TrialNum, Duration,BaitedRevisits, BaitedVisits, UnbaitedVisits) VALUES(6480,'2014-06-07',4,37.3046947065,0,0,3);
INSERT INTO TBI.SHB (AID, TestDate, TrialNum, Duration,BaitedRevisits, BaitedVisits, UnbaitedVisits) VALUES(6480,'2014-06-07',5,38.090451684,0,2,6);
INSERT INTO TBI.SHB (AID, TestDate, TrialNum, Duration,BaitedRevisits, BaitedVisits, UnbaitedVisits) VALUES(6480,'2014-06-05',1,40.8665221236,4,10,6);
INSERT INTO TBI.SHB (AID, TestDate, TrialNum, Duration,BaitedRevisits, BaitedVisits, UnbaitedVisits) VALUES(6480,'2014-06-05',2,57.1364766009,6,8,5);
INSERT INTO TBI.SHB (AID, TestDate, TrialNum, Duration,BaitedRevisits, BaitedVisits, UnbaitedVisits) VALUES(6480,'2014-06-05',3,24.2460946119,5,4,2);
INSERT INTO TBI.SHB (AID, TestDate, TrialNum, Duration,BaitedRevisits, BaitedVisits, UnbaitedVisits) VALUES(6480,'2014-06-05',4,38.6300611071,7,0,9);
INSERT INTO TBI.SHB (AID, TestDate, TrialNum, Duration,BaitedRevisits, BaitedVisits, UnbaitedVisits) VALUES(6480,'2014-06-05',5,25.0344782147,5,10,6);
INSERT INTO TBI.SHB (AID, TestDate, TrialNum, Duration,BaitedRevisits, BaitedVisits, UnbaitedVisits) VALUES(6570,'2013-10-02',1,33.3250460922,6,3,8);
INSERT INTO TBI.SHB (AID, TestDate, TrialNum, Duration,BaitedRevisits, BaitedVisits, UnbaitedVisits) VALUES(6570,'2013-10-02',2,38.1635722439,9,1,6);
INSERT INTO TBI.SHB (AID, TestDate, TrialNum, Duration,BaitedRevisits, BaitedVisits, UnbaitedVisits) VALUES(6570,'2013-10-02',3,56.7830160255,7,2,1);
INSERT INTO TBI.SHB (AID, TestDate, TrialNum, Duration,BaitedRevisits, BaitedVisits, UnbaitedVisits) VALUES(6570,'2013-10-02',4,57.5177713578,7,9,8);
INSERT INTO TBI.SHB (AID, TestDate, TrialNum, Duration,BaitedRevisits, BaitedVisits, UnbaitedVisits) VALUES(6570,'2013-10-02',5,56.7001836552,8,9,0);
INSERT INTO TBI.SHB (AID, TestDate, TrialNum, Duration,BaitedRevisits, BaitedVisits, UnbaitedVisits) VALUES(6570,'2013-12-25',1,55.4602225345,9,8,1);
INSERT INTO TBI.SHB (AID, TestDate, TrialNum, Duration,BaitedRevisits, BaitedVisits, UnbaitedVisits) VALUES(6570,'2013-12-25',2,29.5131844648,0,8,7);
INSERT INTO TBI.SHB (AID, TestDate, TrialNum, Duration,BaitedRevisits, BaitedVisits, UnbaitedVisits) VALUES(6570,'2013-12-25',3,28.9807229227,9,3,6);
INSERT INTO TBI.SHB (AID, TestDate, TrialNum, Duration,BaitedRevisits, BaitedVisits, UnbaitedVisits) VALUES(6570,'2013-12-25',4,37.6323754069,5,3,10);
INSERT INTO TBI.SHB (AID, TestDate, TrialNum, Duration,BaitedRevisits, BaitedVisits, UnbaitedVisits) VALUES(6570,'2013-12-25',5,58.3305321999,9,4,7);
INSERT INTO TBI.SHB (AID, TestDate, TrialNum, Duration,BaitedRevisits, BaitedVisits, UnbaitedVisits) VALUES(6570,'2013-12-16',1,52.1002246084,3,2,9);
INSERT INTO TBI.SHB (AID, TestDate, TrialNum, Duration,BaitedRevisits, BaitedVisits, UnbaitedVisits) VALUES(6570,'2013-12-16',2,52.3482365283,5,5,8);
INSERT INTO TBI.SHB (AID, TestDate, TrialNum, Duration,BaitedRevisits, BaitedVisits, UnbaitedVisits) VALUES(6570,'2013-12-16',3,57.4082403882,6,3,8);
INSERT INTO TBI.SHB (AID, TestDate, TrialNum, Duration,BaitedRevisits, BaitedVisits, UnbaitedVisits) VALUES(6570,'2013-12-16',4,35.9303580863,4,9,1);
INSERT INTO TBI.SHB (AID, TestDate, TrialNum, Duration,BaitedRevisits, BaitedVisits, UnbaitedVisits) VALUES(6570,'2013-12-16',5,43.3051182173,8,7,2);
INSERT INTO TBI.SHB (AID, TestDate, TrialNum, Duration,BaitedRevisits, BaitedVisits, UnbaitedVisits) VALUES(6570,'2013-12-04',1,54.577476422,9,0,0);
INSERT INTO TBI.SHB (AID, TestDate, TrialNum, Duration,BaitedRevisits, BaitedVisits, UnbaitedVisits) VALUES(6570,'2013-12-04',2,48.6768546442,9,1,2);
INSERT INTO TBI.SHB (AID, TestDate, TrialNum, Duration,BaitedRevisits, BaitedVisits, UnbaitedVisits) VALUES(6570,'2013-12-04',3,54.0529567219,8,8,2);
INSERT INTO TBI.SHB (AID, TestDate, TrialNum, Duration,BaitedRevisits, BaitedVisits, UnbaitedVisits) VALUES(6570,'2013-12-04',4,58.6271911017,9,7,5);
INSERT INTO TBI.SHB (AID, TestDate, TrialNum, Duration,BaitedRevisits, BaitedVisits, UnbaitedVisits) VALUES(6570,'2013-12-04',5,50.4071877029,6,1,3);
INSERT INTO TBI.SHB (AID, TestDate, TrialNum, Duration,BaitedRevisits, BaitedVisits, UnbaitedVisits) VALUES(6570,'2013-11-06',1,25.2631476328,5,9,4);
INSERT INTO TBI.SHB (AID, TestDate, TrialNum, Duration,BaitedRevisits, BaitedVisits, UnbaitedVisits) VALUES(6570,'2013-11-06',2,59.1745943237,2,6,10);
INSERT INTO TBI.SHB (AID, TestDate, TrialNum, Duration,BaitedRevisits, BaitedVisits, UnbaitedVisits) VALUES(6570,'2013-11-06',3,20.0700700326,0,1,8);
INSERT INTO TBI.SHB (AID, TestDate, TrialNum, Duration,BaitedRevisits, BaitedVisits, UnbaitedVisits) VALUES(6570,'2013-11-06',4,27.7724791067,1,3,5);
INSERT INTO TBI.SHB (AID, TestDate, TrialNum, Duration,BaitedRevisits, BaitedVisits, UnbaitedVisits) VALUES(6570,'2013-11-06',5,37.6225385041,7,5,5);
INSERT INTO TBI.SHB (AID, TestDate, TrialNum, Duration,BaitedRevisits, BaitedVisits, UnbaitedVisits) VALUES(6570,'2013-10-15',1,50.2270709728,0,8,8);
INSERT INTO TBI.SHB (AID, TestDate, TrialNum, Duration,BaitedRevisits, BaitedVisits, UnbaitedVisits) VALUES(6570,'2013-10-15',2,45.6854017108,9,1,8);
INSERT INTO TBI.SHB (AID, TestDate, TrialNum, Duration,BaitedRevisits, BaitedVisits, UnbaitedVisits) VALUES(6570,'2013-10-15',3,40.577654492,6,8,0);
INSERT INTO TBI.SHB (AID, TestDate, TrialNum, Duration,BaitedRevisits, BaitedVisits, UnbaitedVisits) VALUES(6570,'2013-10-15',4,53.136715622,5,6,0);
INSERT INTO TBI.SHB (AID, TestDate, TrialNum, Duration,BaitedRevisits, BaitedVisits, UnbaitedVisits) VALUES(6570,'2013-10-15',5,36.2561526395,4,6,5);
INSERT INTO TBI.SHB (AID, TestDate, TrialNum, Duration,BaitedRevisits, BaitedVisits, UnbaitedVisits) VALUES(6204,'2013-07-14',1,57.3243898468,5,5,8);
INSERT INTO TBI.SHB (AID, TestDate, TrialNum, Duration,BaitedRevisits, BaitedVisits, UnbaitedVisits) VALUES(6204,'2013-07-14',2,52.347597375,5,9,4);
INSERT INTO TBI.SHB (AID, TestDate, TrialNum, Duration,BaitedRevisits, BaitedVisits, UnbaitedVisits) VALUES(6204,'2013-07-14',3,26.2287091954,9,9,0);
INSERT INTO TBI.SHB (AID, TestDate, TrialNum, Duration,BaitedRevisits, BaitedVisits, UnbaitedVisits) VALUES(6204,'2013-07-14',4,56.8289816572,3,0,10);
INSERT INTO TBI.SHB (AID, TestDate, TrialNum, Duration,BaitedRevisits, BaitedVisits, UnbaitedVisits) VALUES(6204,'2013-07-14',5,48.4135596549,7,0,2);
INSERT INTO TBI.SHB (AID, TestDate, TrialNum, Duration,BaitedRevisits, BaitedVisits, UnbaitedVisits) VALUES(6204,'2013-07-09',1,21.8515047571,10,8,8);
INSERT INTO TBI.SHB (AID, TestDate, TrialNum, Duration,BaitedRevisits, BaitedVisits, UnbaitedVisits) VALUES(6204,'2013-07-09',2,54.2452437759,9,8,1);
INSERT INTO TBI.SHB (AID, TestDate, TrialNum, Duration,BaitedRevisits, BaitedVisits, UnbaitedVisits) VALUES(6204,'2013-07-09',3,40.0609779072,9,7,10);
INSERT INTO TBI.SHB (AID, TestDate, TrialNum, Duration,BaitedRevisits, BaitedVisits, UnbaitedVisits) VALUES(6204,'2013-07-09',4,22.974647293,7,6,1);
INSERT INTO TBI.SHB (AID, TestDate, TrialNum, Duration,BaitedRevisits, BaitedVisits, UnbaitedVisits) VALUES(6204,'2013-07-09',5,27.0406822671,4,5,5);
INSERT INTO TBI.SHB (AID, TestDate, TrialNum, Duration,BaitedRevisits, BaitedVisits, UnbaitedVisits) VALUES(6204,'2013-09-23',1,40.2576951107,6,3,5);
INSERT INTO TBI.SHB (AID, TestDate, TrialNum, Duration,BaitedRevisits, BaitedVisits, UnbaitedVisits) VALUES(6204,'2013-09-23',2,30.3258142803,5,7,0);
INSERT INTO TBI.SHB (AID, TestDate, TrialNum, Duration,BaitedRevisits, BaitedVisits, UnbaitedVisits) VALUES(6204,'2013-09-23',3,55.8959151257,8,6,5);
INSERT INTO TBI.SHB (AID, TestDate, TrialNum, Duration,BaitedRevisits, BaitedVisits, UnbaitedVisits) VALUES(6204,'2013-09-23',4,44.1684481519,8,5,10);
INSERT INTO TBI.SHB (AID, TestDate, TrialNum, Duration,BaitedRevisits, BaitedVisits, UnbaitedVisits) VALUES(6204,'2013-09-23',5,55.5464277552,3,2,9);
INSERT INTO TBI.SHB (AID, TestDate, TrialNum, Duration,BaitedRevisits, BaitedVisits, UnbaitedVisits) VALUES(6204,'2013-07-12',1,51.0912839015,1,1,0);
INSERT INTO TBI.SHB (AID, TestDate, TrialNum, Duration,BaitedRevisits, BaitedVisits, UnbaitedVisits) VALUES(6204,'2013-07-12',2,37.5467017581,2,5,2);
INSERT INTO TBI.SHB (AID, TestDate, TrialNum, Duration,BaitedRevisits, BaitedVisits, UnbaitedVisits) VALUES(6204,'2013-07-12',3,33.6804534868,9,7,5);
INSERT INTO TBI.SHB (AID, TestDate, TrialNum, Duration,BaitedRevisits, BaitedVisits, UnbaitedVisits) VALUES(6204,'2013-07-12',4,52.3888581103,1,10,10);
INSERT INTO TBI.SHB (AID, TestDate, TrialNum, Duration,BaitedRevisits, BaitedVisits, UnbaitedVisits) VALUES(6204,'2013-07-12',5,27.3827823052,1,6,10);
INSERT INTO TBI.SHB (AID, TestDate, TrialNum, Duration,BaitedRevisits, BaitedVisits, UnbaitedVisits) VALUES(6204,'2013-07-21',1,22.4142832986,8,4,10);
INSERT INTO TBI.SHB (AID, TestDate, TrialNum, Duration,BaitedRevisits, BaitedVisits, UnbaitedVisits) VALUES(6204,'2013-07-21',2,29.481344048,3,8,3);
INSERT INTO TBI.SHB (AID, TestDate, TrialNum, Duration,BaitedRevisits, BaitedVisits, UnbaitedVisits) VALUES(6204,'2013-07-21',3,51.0436611187,7,5,2);
INSERT INTO TBI.SHB (AID, TestDate, TrialNum, Duration,BaitedRevisits, BaitedVisits, UnbaitedVisits) VALUES(6204,'2013-07-21',4,28.3397973149,5,5,2);
INSERT INTO TBI.SHB (AID, TestDate, TrialNum, Duration,BaitedRevisits, BaitedVisits, UnbaitedVisits) VALUES(6204,'2013-07-21',5,29.1220251068,10,0,8);
INSERT INTO TBI.SHB (AID, TestDate, TrialNum, Duration,BaitedRevisits, BaitedVisits, UnbaitedVisits) VALUES(6204,'2013-08-17',1,31.5778998097,7,2,4);
INSERT INTO TBI.SHB (AID, TestDate, TrialNum, Duration,BaitedRevisits, BaitedVisits, UnbaitedVisits) VALUES(6204,'2013-08-17',2,55.2787543592,4,3,1);
INSERT INTO TBI.SHB (AID, TestDate, TrialNum, Duration,BaitedRevisits, BaitedVisits, UnbaitedVisits) VALUES(6204,'2013-08-17',3,44.1879258233,8,7,5);
INSERT INTO TBI.SHB (AID, TestDate, TrialNum, Duration,BaitedRevisits, BaitedVisits, UnbaitedVisits) VALUES(6204,'2013-08-17',4,28.5223951811,4,9,6);
INSERT INTO TBI.SHB (AID, TestDate, TrialNum, Duration,BaitedRevisits, BaitedVisits, UnbaitedVisits) VALUES(6204,'2013-08-17',5,21.6618650408,7,7,9);
INSERT INTO TBI.SHB (AID, TestDate, TrialNum, Duration,BaitedRevisits, BaitedVisits, UnbaitedVisits) VALUES(6204,'2013-08-02',1,47.5652071555,7,5,5);
INSERT INTO TBI.SHB (AID, TestDate, TrialNum, Duration,BaitedRevisits, BaitedVisits, UnbaitedVisits) VALUES(6204,'2013-08-02',2,20.5352965649,10,8,0);
INSERT INTO TBI.SHB (AID, TestDate, TrialNum, Duration,BaitedRevisits, BaitedVisits, UnbaitedVisits) VALUES(6204,'2013-08-02',3,44.650902345,3,10,6);
INSERT INTO TBI.SHB (AID, TestDate, TrialNum, Duration,BaitedRevisits, BaitedVisits, UnbaitedVisits) VALUES(6204,'2013-08-02',4,38.6413466393,8,7,5);
INSERT INTO TBI.SHB (AID, TestDate, TrialNum, Duration,BaitedRevisits, BaitedVisits, UnbaitedVisits) VALUES(6204,'2013-08-02',5,52.2767084963,10,5,3);
INSERT INTO TBI.SHB (AID, TestDate, TrialNum, Duration,BaitedRevisits, BaitedVisits, UnbaitedVisits) VALUES(6185,'2014-06-16',1,45.6121503715,6,0,2);
INSERT INTO TBI.SHB (AID, TestDate, TrialNum, Duration,BaitedRevisits, BaitedVisits, UnbaitedVisits) VALUES(6185,'2014-06-16',2,47.8771888,9,10,1);
INSERT INTO TBI.SHB (AID, TestDate, TrialNum, Duration,BaitedRevisits, BaitedVisits, UnbaitedVisits) VALUES(6185,'2014-06-16',3,40.4954428263,6,0,5);
INSERT INTO TBI.SHB (AID, TestDate, TrialNum, Duration,BaitedRevisits, BaitedVisits, UnbaitedVisits) VALUES(6185,'2014-06-16',4,56.9496829065,10,1,7);
INSERT INTO TBI.SHB (AID, TestDate, TrialNum, Duration,BaitedRevisits, BaitedVisits, UnbaitedVisits) VALUES(6185,'2014-06-16',5,27.3757842411,3,1,7);
INSERT INTO TBI.SHB (AID, TestDate, TrialNum, Duration,BaitedRevisits, BaitedVisits, UnbaitedVisits) VALUES(6185,'2014-05-15',1,54.861993605,9,1,2);
INSERT INTO TBI.SHB (AID, TestDate, TrialNum, Duration,BaitedRevisits, BaitedVisits, UnbaitedVisits) VALUES(6185,'2014-05-15',2,51.6180597719,5,0,7);
INSERT INTO TBI.SHB (AID, TestDate, TrialNum, Duration,BaitedRevisits, BaitedVisits, UnbaitedVisits) VALUES(6185,'2014-05-15',3,57.7152998383,5,1,1);
INSERT INTO TBI.SHB (AID, TestDate, TrialNum, Duration,BaitedRevisits, BaitedVisits, UnbaitedVisits) VALUES(6185,'2014-05-15',4,58.4246067572,1,6,3);
INSERT INTO TBI.SHB (AID, TestDate, TrialNum, Duration,BaitedRevisits, BaitedVisits, UnbaitedVisits) VALUES(6185,'2014-05-15',5,22.9719437833,0,4,6);
INSERT INTO TBI.SHB (AID, TestDate, TrialNum, Duration,BaitedRevisits, BaitedVisits, UnbaitedVisits) VALUES(6185,'2014-05-12',1,28.90378166,0,9,8);
INSERT INTO TBI.SHB (AID, TestDate, TrialNum, Duration,BaitedRevisits, BaitedVisits, UnbaitedVisits) VALUES(6185,'2014-05-12',2,41.7288366602,7,0,9);
INSERT INTO TBI.SHB (AID, TestDate, TrialNum, Duration,BaitedRevisits, BaitedVisits, UnbaitedVisits) VALUES(6185,'2014-05-12',3,58.2730074487,5,0,7);
INSERT INTO TBI.SHB (AID, TestDate, TrialNum, Duration,BaitedRevisits, BaitedVisits, UnbaitedVisits) VALUES(6185,'2014-05-12',4,53.6667683714,0,10,1);
INSERT INTO TBI.SHB (AID, TestDate, TrialNum, Duration,BaitedRevisits, BaitedVisits, UnbaitedVisits) VALUES(6185,'2014-05-12',5,22.1204773137,4,4,9);
INSERT INTO TBI.SHB (AID, TestDate, TrialNum, Duration,BaitedRevisits, BaitedVisits, UnbaitedVisits) VALUES(6185,'2014-05-20',1,23.6699142896,4,5,7);
INSERT INTO TBI.SHB (AID, TestDate, TrialNum, Duration,BaitedRevisits, BaitedVisits, UnbaitedVisits) VALUES(6185,'2014-05-20',2,43.9970902812,9,1,10);
INSERT INTO TBI.SHB (AID, TestDate, TrialNum, Duration,BaitedRevisits, BaitedVisits, UnbaitedVisits) VALUES(6185,'2014-05-20',3,47.8241634867,1,7,4);
INSERT INTO TBI.SHB (AID, TestDate, TrialNum, Duration,BaitedRevisits, BaitedVisits, UnbaitedVisits) VALUES(6185,'2014-05-20',4,32.5393392053,3,10,0);
INSERT INTO TBI.SHB (AID, TestDate, TrialNum, Duration,BaitedRevisits, BaitedVisits, UnbaitedVisits) VALUES(6185,'2014-05-20',5,35.4869223822,5,3,1);
INSERT INTO TBI.SHB (AID, TestDate, TrialNum, Duration,BaitedRevisits, BaitedVisits, UnbaitedVisits) VALUES(6185,'2014-04-14',1,44.4728456906,3,7,8);
INSERT INTO TBI.SHB (AID, TestDate, TrialNum, Duration,BaitedRevisits, BaitedVisits, UnbaitedVisits) VALUES(6185,'2014-04-14',2,34.5993287465,3,4,0);
INSERT INTO TBI.SHB (AID, TestDate, TrialNum, Duration,BaitedRevisits, BaitedVisits, UnbaitedVisits) VALUES(6185,'2014-04-14',3,21.3596527339,7,2,9);
INSERT INTO TBI.SHB (AID, TestDate, TrialNum, Duration,BaitedRevisits, BaitedVisits, UnbaitedVisits) VALUES(6185,'2014-04-14',4,57.3263783159,9,5,1);
INSERT INTO TBI.SHB (AID, TestDate, TrialNum, Duration,BaitedRevisits, BaitedVisits, UnbaitedVisits) VALUES(6185,'2014-04-14',5,30.0984876473,1,8,6);
INSERT INTO TBI.SHB (AID, TestDate, TrialNum, Duration,BaitedRevisits, BaitedVisits, UnbaitedVisits) VALUES(6185,'2014-04-03',1,58.7173861417,9,8,8);
INSERT INTO TBI.SHB (AID, TestDate, TrialNum, Duration,BaitedRevisits, BaitedVisits, UnbaitedVisits) VALUES(6185,'2014-04-03',2,22.5526024587,2,7,10);
INSERT INTO TBI.SHB (AID, TestDate, TrialNum, Duration,BaitedRevisits, BaitedVisits, UnbaitedVisits) VALUES(6185,'2014-04-03',3,25.6287157459,10,6,4);
INSERT INTO TBI.SHB (AID, TestDate, TrialNum, Duration,BaitedRevisits, BaitedVisits, UnbaitedVisits) VALUES(6185,'2014-04-03',4,31.7727672976,5,7,2);
INSERT INTO TBI.SHB (AID, TestDate, TrialNum, Duration,BaitedRevisits, BaitedVisits, UnbaitedVisits) VALUES(6185,'2014-04-03',5,56.3352024326,8,6,8);
INSERT INTO TBI.SHB (AID, TestDate, TrialNum, Duration,BaitedRevisits, BaitedVisits, UnbaitedVisits) VALUES(6185,'2014-04-08',1,34.3655117111,1,5,6);
INSERT INTO TBI.SHB (AID, TestDate, TrialNum, Duration,BaitedRevisits, BaitedVisits, UnbaitedVisits) VALUES(6185,'2014-04-08',2,34.6843703415,10,1,7);
INSERT INTO TBI.SHB (AID, TestDate, TrialNum, Duration,BaitedRevisits, BaitedVisits, UnbaitedVisits) VALUES(6185,'2014-04-08',3,30.4535496356,9,4,5);
INSERT INTO TBI.SHB (AID, TestDate, TrialNum, Duration,BaitedRevisits, BaitedVisits, UnbaitedVisits) VALUES(6185,'2014-04-08',4,55.805482968,10,3,4);
INSERT INTO TBI.SHB (AID, TestDate, TrialNum, Duration,BaitedRevisits, BaitedVisits, UnbaitedVisits) VALUES(6185,'2014-04-08',5,51.7960180266,2,0,8);
INSERT INTO TBI.TMaze (AID, TestDate, TrialNum, AlterRate, CorrectRate) VALUES(6792,'2013-10-26',1,0.627782149843,0.0218476062853);
INSERT INTO TBI.TMaze (AID, TestDate, TrialNum, AlterRate, CorrectRate) VALUES(6792,'2013-10-26',2,0.114170924013,0.126219110918);
INSERT INTO TBI.TMaze (AID, TestDate, TrialNum, AlterRate, CorrectRate) VALUES(6792,'2013-10-26',3,0.145600534991,0.29391656378);
INSERT INTO TBI.TMaze (AID, TestDate, TrialNum, AlterRate, CorrectRate) VALUES(6792,'2013-10-26',4,0.634219403919,0.260823153116);
INSERT INTO TBI.TMaze (AID, TestDate, TrialNum, AlterRate, CorrectRate) VALUES(6792,'2013-10-26',5,0.9232484678,0.630063980826);
INSERT INTO TBI.TMaze (AID, TestDate, TrialNum, AlterRate, CorrectRate) VALUES(6792,'2013-12-25',1,0.168469880011,0.16136672217);
INSERT INTO TBI.TMaze (AID, TestDate, TrialNum, AlterRate, CorrectRate) VALUES(6792,'2013-12-25',2,0.558915792581,0.993001698402);
INSERT INTO TBI.TMaze (AID, TestDate, TrialNum, AlterRate, CorrectRate) VALUES(6792,'2013-12-25',3,0.0125943927087,0.444855211667);
INSERT INTO TBI.TMaze (AID, TestDate, TrialNum, AlterRate, CorrectRate) VALUES(6792,'2013-12-25',4,0.351853061548,0.217370521806);
INSERT INTO TBI.TMaze (AID, TestDate, TrialNum, AlterRate, CorrectRate) VALUES(6792,'2013-12-25',5,0.920683285946,0.0288869437991);
INSERT INTO TBI.TMaze (AID, TestDate, TrialNum, AlterRate, CorrectRate) VALUES(6792,'2013-12-01',1,0.327987122848,0.0862232287627);
INSERT INTO TBI.TMaze (AID, TestDate, TrialNum, AlterRate, CorrectRate) VALUES(6792,'2013-12-01',2,0.921269789723,0.0745904241876);
INSERT INTO TBI.TMaze (AID, TestDate, TrialNum, AlterRate, CorrectRate) VALUES(6792,'2013-12-01',3,0.369348613019,0.773162877245);
INSERT INTO TBI.TMaze (AID, TestDate, TrialNum, AlterRate, CorrectRate) VALUES(6792,'2013-12-01',4,0.634290740943,0.387143368092);
INSERT INTO TBI.TMaze (AID, TestDate, TrialNum, AlterRate, CorrectRate) VALUES(6792,'2013-12-01',5,0.165179661492,0.180304047392);
INSERT INTO TBI.TMaze (AID, TestDate, TrialNum, AlterRate, CorrectRate) VALUES(6792,'2013-11-29',1,0.170056978311,0.0714210919593);
INSERT INTO TBI.TMaze (AID, TestDate, TrialNum, AlterRate, CorrectRate) VALUES(6792,'2013-11-29',2,0.804745378773,0.0733949972956);
INSERT INTO TBI.TMaze (AID, TestDate, TrialNum, AlterRate, CorrectRate) VALUES(6792,'2013-11-29',3,0.440328179273,0.706051777177);
INSERT INTO TBI.TMaze (AID, TestDate, TrialNum, AlterRate, CorrectRate) VALUES(6792,'2013-11-29',4,0.0706669115272,0.677817760697);
INSERT INTO TBI.TMaze (AID, TestDate, TrialNum, AlterRate, CorrectRate) VALUES(6792,'2013-11-29',5,0.216598031517,0.606122290725);
INSERT INTO TBI.TMaze (AID, TestDate, TrialNum, AlterRate, CorrectRate) VALUES(6792,'2013-09-27',1,0.854163793739,0.126593087377);
INSERT INTO TBI.TMaze (AID, TestDate, TrialNum, AlterRate, CorrectRate) VALUES(6792,'2013-09-27',2,0.269265454308,0.297166006939);
INSERT INTO TBI.TMaze (AID, TestDate, TrialNum, AlterRate, CorrectRate) VALUES(6792,'2013-09-27',3,0.987442835006,0.826302883345);
INSERT INTO TBI.TMaze (AID, TestDate, TrialNum, AlterRate, CorrectRate) VALUES(6792,'2013-09-27',4,0.278721522564,0.433386731356);
INSERT INTO TBI.TMaze (AID, TestDate, TrialNum, AlterRate, CorrectRate) VALUES(6792,'2013-09-27',5,0.230593610369,0.903705563617);
INSERT INTO TBI.TMaze (AID, TestDate, TrialNum, AlterRate, CorrectRate) VALUES(6792,'2013-11-09',1,0.769600090834,0.351926444749);
INSERT INTO TBI.TMaze (AID, TestDate, TrialNum, AlterRate, CorrectRate) VALUES(6792,'2013-11-09',2,0.770723263549,0.458328662878);
INSERT INTO TBI.TMaze (AID, TestDate, TrialNum, AlterRate, CorrectRate) VALUES(6792,'2013-11-09',3,0.956660589051,0.797799000925);
INSERT INTO TBI.TMaze (AID, TestDate, TrialNum, AlterRate, CorrectRate) VALUES(6792,'2013-11-09',4,0.471573369089,0.736313431301);
INSERT INTO TBI.TMaze (AID, TestDate, TrialNum, AlterRate, CorrectRate) VALUES(6792,'2013-11-09',5,0.23759386046,0.838927555057);
INSERT INTO TBI.TMaze (AID, TestDate, TrialNum, AlterRate, CorrectRate) VALUES(6792,'2013-12-07',1,0.222272821816,0.381489204643);
INSERT INTO TBI.TMaze (AID, TestDate, TrialNum, AlterRate, CorrectRate) VALUES(6792,'2013-12-07',2,0.748198388757,0.96408145145);
INSERT INTO TBI.TMaze (AID, TestDate, TrialNum, AlterRate, CorrectRate) VALUES(6792,'2013-12-07',3,0.115985110288,0.397352204914);
INSERT INTO TBI.TMaze (AID, TestDate, TrialNum, AlterRate, CorrectRate) VALUES(6792,'2013-12-07',4,0.469411732368,0.720773460422);
INSERT INTO TBI.TMaze (AID, TestDate, TrialNum, AlterRate, CorrectRate) VALUES(6792,'2013-12-07',5,0.196831550806,0.141683044558);
INSERT INTO TBI.TMaze (AID, TestDate, TrialNum, AlterRate, CorrectRate) VALUES(6480,'2014-06-14',1,0.639595470952,0.704731408431);
INSERT INTO TBI.TMaze (AID, TestDate, TrialNum, AlterRate, CorrectRate) VALUES(6480,'2014-06-14',2,0.422026943451,0.667585783192);
INSERT INTO TBI.TMaze (AID, TestDate, TrialNum, AlterRate, CorrectRate) VALUES(6480,'2014-06-14',3,0.801208050491,0.691207244858);
INSERT INTO TBI.TMaze (AID, TestDate, TrialNum, AlterRate, CorrectRate) VALUES(6480,'2014-06-14',4,0.97217413503,0.220084298916);
INSERT INTO TBI.TMaze (AID, TestDate, TrialNum, AlterRate, CorrectRate) VALUES(6480,'2014-06-14',5,0.766075193544,0.740963360785);
INSERT INTO TBI.TMaze (AID, TestDate, TrialNum, AlterRate, CorrectRate) VALUES(6480,'2014-06-17',1,0.539469639762,0.0310219123113);
INSERT INTO TBI.TMaze (AID, TestDate, TrialNum, AlterRate, CorrectRate) VALUES(6480,'2014-06-17',2,0.99040482599,0.385254494447);
INSERT INTO TBI.TMaze (AID, TestDate, TrialNum, AlterRate, CorrectRate) VALUES(6480,'2014-06-17',3,0.298669058073,0.385486140439);
INSERT INTO TBI.TMaze (AID, TestDate, TrialNum, AlterRate, CorrectRate) VALUES(6480,'2014-06-17',4,0.773668069868,0.644301595427);
INSERT INTO TBI.TMaze (AID, TestDate, TrialNum, AlterRate, CorrectRate) VALUES(6480,'2014-06-17',5,0.728604101803,0.884373529314);
INSERT INTO TBI.TMaze (AID, TestDate, TrialNum, AlterRate, CorrectRate) VALUES(6480,'2014-06-10',1,0.852720123242,0.0201085368425);
INSERT INTO TBI.TMaze (AID, TestDate, TrialNum, AlterRate, CorrectRate) VALUES(6480,'2014-06-10',2,0.610038271767,0.940647521376);
INSERT INTO TBI.TMaze (AID, TestDate, TrialNum, AlterRate, CorrectRate) VALUES(6480,'2014-06-10',3,0.609962591205,0.221990288764);
INSERT INTO TBI.TMaze (AID, TestDate, TrialNum, AlterRate, CorrectRate) VALUES(6480,'2014-06-10',4,0.489098141929,0.898912361365);
INSERT INTO TBI.TMaze (AID, TestDate, TrialNum, AlterRate, CorrectRate) VALUES(6480,'2014-06-10',5,0.451550038551,0.412380850972);
INSERT INTO TBI.TMaze (AID, TestDate, TrialNum, AlterRate, CorrectRate) VALUES(6480,'2014-04-27',1,0.495741846005,0.439324533116);
INSERT INTO TBI.TMaze (AID, TestDate, TrialNum, AlterRate, CorrectRate) VALUES(6480,'2014-04-27',2,0.128807403621,0.444195004895);
INSERT INTO TBI.TMaze (AID, TestDate, TrialNum, AlterRate, CorrectRate) VALUES(6480,'2014-04-27',3,0.593642407237,0.520675754146);
INSERT INTO TBI.TMaze (AID, TestDate, TrialNum, AlterRate, CorrectRate) VALUES(6480,'2014-04-27',4,0.92197568622,0.893092897372);
INSERT INTO TBI.TMaze (AID, TestDate, TrialNum, AlterRate, CorrectRate) VALUES(6480,'2014-04-27',5,0.416021571849,0.806197658749);
INSERT INTO TBI.TMaze (AID, TestDate, TrialNum, AlterRate, CorrectRate) VALUES(6480,'2014-05-26',1,0.914020984103,0.255939892934);
INSERT INTO TBI.TMaze (AID, TestDate, TrialNum, AlterRate, CorrectRate) VALUES(6480,'2014-05-26',2,0.168787051618,0.54766212527);
INSERT INTO TBI.TMaze (AID, TestDate, TrialNum, AlterRate, CorrectRate) VALUES(6480,'2014-05-26',3,0.180505776533,0.268084338993);
INSERT INTO TBI.TMaze (AID, TestDate, TrialNum, AlterRate, CorrectRate) VALUES(6480,'2014-05-26',4,0.184879388622,0.207532476886);
INSERT INTO TBI.TMaze (AID, TestDate, TrialNum, AlterRate, CorrectRate) VALUES(6480,'2014-05-26',5,0.958717017174,0.878241105107);
INSERT INTO TBI.TMaze (AID, TestDate, TrialNum, AlterRate, CorrectRate) VALUES(6480,'2014-04-23',1,0.255956499979,0.499050284364);
INSERT INTO TBI.TMaze (AID, TestDate, TrialNum, AlterRate, CorrectRate) VALUES(6480,'2014-04-23',2,0.073422013043,0.925125108072);
INSERT INTO TBI.TMaze (AID, TestDate, TrialNum, AlterRate, CorrectRate) VALUES(6480,'2014-04-23',3,0.632168210521,0.465267159422);
INSERT INTO TBI.TMaze (AID, TestDate, TrialNum, AlterRate, CorrectRate) VALUES(6480,'2014-04-23',4,0.270836744407,0.769315837146);
INSERT INTO TBI.TMaze (AID, TestDate, TrialNum, AlterRate, CorrectRate) VALUES(6480,'2014-04-23',5,0.606884731488,0.857561047385);
INSERT INTO TBI.TMaze (AID, TestDate, TrialNum, AlterRate, CorrectRate) VALUES(6480,'2014-06-29',1,0.101085384623,0.668120954438);
INSERT INTO TBI.TMaze (AID, TestDate, TrialNum, AlterRate, CorrectRate) VALUES(6480,'2014-06-29',2,0.542027227352,0.954523303403);
INSERT INTO TBI.TMaze (AID, TestDate, TrialNum, AlterRate, CorrectRate) VALUES(6480,'2014-06-29',3,0.236602506135,0.665917613226);
INSERT INTO TBI.TMaze (AID, TestDate, TrialNum, AlterRate, CorrectRate) VALUES(6480,'2014-06-29',4,0.186918970956,0.412795498371);
INSERT INTO TBI.TMaze (AID, TestDate, TrialNum, AlterRate, CorrectRate) VALUES(6480,'2014-06-29',5,0.0136363988779,0.52035039814);
INSERT INTO TBI.TMaze (AID, TestDate, TrialNum, AlterRate, CorrectRate) VALUES(6570,'2013-11-18',1,0.293376896501,0.711977171571);
INSERT INTO TBI.TMaze (AID, TestDate, TrialNum, AlterRate, CorrectRate) VALUES(6570,'2013-11-18',2,0.643124346442,0.93658821158);
INSERT INTO TBI.TMaze (AID, TestDate, TrialNum, AlterRate, CorrectRate) VALUES(6570,'2013-11-18',3,0.0943115564893,0.240412646257);
INSERT INTO TBI.TMaze (AID, TestDate, TrialNum, AlterRate, CorrectRate) VALUES(6570,'2013-11-18',4,0.937422522036,0.330592389973);
INSERT INTO TBI.TMaze (AID, TestDate, TrialNum, AlterRate, CorrectRate) VALUES(6570,'2013-11-18',5,0.960099492405,0.472160071355);
INSERT INTO TBI.TMaze (AID, TestDate, TrialNum, AlterRate, CorrectRate) VALUES(6570,'2013-10-17',1,0.827938019121,0.841210713758);
INSERT INTO TBI.TMaze (AID, TestDate, TrialNum, AlterRate, CorrectRate) VALUES(6570,'2013-10-17',2,0.0892871036034,0.392968559084);
INSERT INTO TBI.TMaze (AID, TestDate, TrialNum, AlterRate, CorrectRate) VALUES(6570,'2013-10-17',3,0.268231829057,0.14919665161);
INSERT INTO TBI.TMaze (AID, TestDate, TrialNum, AlterRate, CorrectRate) VALUES(6570,'2013-10-17',4,0.658415197732,0.223921133863);
INSERT INTO TBI.TMaze (AID, TestDate, TrialNum, AlterRate, CorrectRate) VALUES(6570,'2013-10-17',5,0.353120189044,0.632152569724);
INSERT INTO TBI.TMaze (AID, TestDate, TrialNum, AlterRate, CorrectRate) VALUES(6570,'2013-10-24',1,0.259169938298,0.978300307436);
INSERT INTO TBI.TMaze (AID, TestDate, TrialNum, AlterRate, CorrectRate) VALUES(6570,'2013-10-24',2,0.962009910403,0.392833961396);
INSERT INTO TBI.TMaze (AID, TestDate, TrialNum, AlterRate, CorrectRate) VALUES(6570,'2013-10-24',3,0.913701446474,0.640422518588);
INSERT INTO TBI.TMaze (AID, TestDate, TrialNum, AlterRate, CorrectRate) VALUES(6570,'2013-10-24',4,0.90049229815,0.372290125495);
INSERT INTO TBI.TMaze (AID, TestDate, TrialNum, AlterRate, CorrectRate) VALUES(6570,'2013-10-24',5,0.373637598782,0.0591004062503);
INSERT INTO TBI.TMaze (AID, TestDate, TrialNum, AlterRate, CorrectRate) VALUES(6570,'2013-10-26',1,0.383021195134,0.4924299283);
INSERT INTO TBI.TMaze (AID, TestDate, TrialNum, AlterRate, CorrectRate) VALUES(6570,'2013-10-26',2,0.553576143351,0.479083889534);
INSERT INTO TBI.TMaze (AID, TestDate, TrialNum, AlterRate, CorrectRate) VALUES(6570,'2013-10-26',3,0.159738156037,0.973033673768);
INSERT INTO TBI.TMaze (AID, TestDate, TrialNum, AlterRate, CorrectRate) VALUES(6570,'2013-10-26',4,0.669514733028,0.501360408049);
INSERT INTO TBI.TMaze (AID, TestDate, TrialNum, AlterRate, CorrectRate) VALUES(6570,'2013-10-26',5,0.934428235065,0.439065391822);
INSERT INTO TBI.TMaze (AID, TestDate, TrialNum, AlterRate, CorrectRate) VALUES(6570,'2013-12-03',1,0.458799177667,0.958983199351);
INSERT INTO TBI.TMaze (AID, TestDate, TrialNum, AlterRate, CorrectRate) VALUES(6570,'2013-12-03',2,0.539652236236,0.506739975783);
INSERT INTO TBI.TMaze (AID, TestDate, TrialNum, AlterRate, CorrectRate) VALUES(6570,'2013-12-03',3,0.515694072732,0.459509035654);
INSERT INTO TBI.TMaze (AID, TestDate, TrialNum, AlterRate, CorrectRate) VALUES(6570,'2013-12-03',4,0.818571874356,0.729636371858);
INSERT INTO TBI.TMaze (AID, TestDate, TrialNum, AlterRate, CorrectRate) VALUES(6570,'2013-12-03',5,0.318769845116,0.963918165955);
INSERT INTO TBI.TMaze (AID, TestDate, TrialNum, AlterRate, CorrectRate) VALUES(6570,'2013-11-09',1,0.877794094054,0.39456088517);
INSERT INTO TBI.TMaze (AID, TestDate, TrialNum, AlterRate, CorrectRate) VALUES(6570,'2013-11-09',2,0.671144906584,0.191740917556);
INSERT INTO TBI.TMaze (AID, TestDate, TrialNum, AlterRate, CorrectRate) VALUES(6570,'2013-11-09',3,0.0168243596354,0.0553188792249);
INSERT INTO TBI.TMaze (AID, TestDate, TrialNum, AlterRate, CorrectRate) VALUES(6570,'2013-11-09',4,0.154084361465,0.519692267762);
INSERT INTO TBI.TMaze (AID, TestDate, TrialNum, AlterRate, CorrectRate) VALUES(6570,'2013-11-09',5,0.141665199565,0.0893550413295);
INSERT INTO TBI.TMaze (AID, TestDate, TrialNum, AlterRate, CorrectRate) VALUES(6570,'2013-11-21',1,0.226233936851,0.519829496372);
INSERT INTO TBI.TMaze (AID, TestDate, TrialNum, AlterRate, CorrectRate) VALUES(6570,'2013-11-21',2,0.873667146394,0.776349004996);
INSERT INTO TBI.TMaze (AID, TestDate, TrialNum, AlterRate, CorrectRate) VALUES(6570,'2013-11-21',3,0.27855847646,0.954854183349);
INSERT INTO TBI.TMaze (AID, TestDate, TrialNum, AlterRate, CorrectRate) VALUES(6570,'2013-11-21',4,0.318688466798,0.825445839997);
INSERT INTO TBI.TMaze (AID, TestDate, TrialNum, AlterRate, CorrectRate) VALUES(6570,'2013-11-21',5,0.482741852472,0.0619566954233);
INSERT INTO TBI.TMaze (AID, TestDate, TrialNum, AlterRate, CorrectRate) VALUES(6204,'2013-07-08',1,0.239257277715,0.56893102272);
INSERT INTO TBI.TMaze (AID, TestDate, TrialNum, AlterRate, CorrectRate) VALUES(6204,'2013-07-08',2,0.596160087631,0.264651127353);
INSERT INTO TBI.TMaze (AID, TestDate, TrialNum, AlterRate, CorrectRate) VALUES(6204,'2013-07-08',3,0.648373711511,0.232393774448);
INSERT INTO TBI.TMaze (AID, TestDate, TrialNum, AlterRate, CorrectRate) VALUES(6204,'2013-07-08',4,0.0996218087258,0.378828987185);
INSERT INTO TBI.TMaze (AID, TestDate, TrialNum, AlterRate, CorrectRate) VALUES(6204,'2013-07-08',5,0.678498524505,0.618550025994);
INSERT INTO TBI.TMaze (AID, TestDate, TrialNum, AlterRate, CorrectRate) VALUES(6204,'2013-07-11',1,0.509330575226,0.01908611696);
INSERT INTO TBI.TMaze (AID, TestDate, TrialNum, AlterRate, CorrectRate) VALUES(6204,'2013-07-11',2,0.662485364663,0.611760108047);
INSERT INTO TBI.TMaze (AID, TestDate, TrialNum, AlterRate, CorrectRate) VALUES(6204,'2013-07-11',3,0.303172660533,0.115922223698);
INSERT INTO TBI.TMaze (AID, TestDate, TrialNum, AlterRate, CorrectRate) VALUES(6204,'2013-07-11',4,0.663868462134,0.249474963238);
INSERT INTO TBI.TMaze (AID, TestDate, TrialNum, AlterRate, CorrectRate) VALUES(6204,'2013-07-11',5,0.378992458692,0.580828283993);
INSERT INTO TBI.TMaze (AID, TestDate, TrialNum, AlterRate, CorrectRate) VALUES(6204,'2013-08-08',1,0.416944049801,0.97790383945);
INSERT INTO TBI.TMaze (AID, TestDate, TrialNum, AlterRate, CorrectRate) VALUES(6204,'2013-08-08',2,0.898078144409,0.235508300185);
INSERT INTO TBI.TMaze (AID, TestDate, TrialNum, AlterRate, CorrectRate) VALUES(6204,'2013-08-08',3,0.782192047485,0.176978157066);
INSERT INTO TBI.TMaze (AID, TestDate, TrialNum, AlterRate, CorrectRate) VALUES(6204,'2013-08-08',4,0.521423591714,0.757649417893);
INSERT INTO TBI.TMaze (AID, TestDate, TrialNum, AlterRate, CorrectRate) VALUES(6204,'2013-08-08',5,0.687143488,0.187137361539);
INSERT INTO TBI.TMaze (AID, TestDate, TrialNum, AlterRate, CorrectRate) VALUES(6204,'2013-08-30',1,0.362364979361,0.596499847636);
INSERT INTO TBI.TMaze (AID, TestDate, TrialNum, AlterRate, CorrectRate) VALUES(6204,'2013-08-30',2,0.311770387583,0.839260030651);
INSERT INTO TBI.TMaze (AID, TestDate, TrialNum, AlterRate, CorrectRate) VALUES(6204,'2013-08-30',3,0.45745431552,0.865400352141);
INSERT INTO TBI.TMaze (AID, TestDate, TrialNum, AlterRate, CorrectRate) VALUES(6204,'2013-08-30',4,0.790835706502,0.574592557208);
INSERT INTO TBI.TMaze (AID, TestDate, TrialNum, AlterRate, CorrectRate) VALUES(6204,'2013-08-30',5,0.172318495524,0.656302861001);
INSERT INTO TBI.TMaze (AID, TestDate, TrialNum, AlterRate, CorrectRate) VALUES(6204,'2013-07-28',1,0.358616227854,0.814703168478);
INSERT INTO TBI.TMaze (AID, TestDate, TrialNum, AlterRate, CorrectRate) VALUES(6204,'2013-07-28',2,0.568981587866,0.884056431064);
INSERT INTO TBI.TMaze (AID, TestDate, TrialNum, AlterRate, CorrectRate) VALUES(6204,'2013-07-28',3,0.198362012847,0.695813409212);
INSERT INTO TBI.TMaze (AID, TestDate, TrialNum, AlterRate, CorrectRate) VALUES(6204,'2013-07-28',4,0.614107590604,0.327388949607);
INSERT INTO TBI.TMaze (AID, TestDate, TrialNum, AlterRate, CorrectRate) VALUES(6204,'2013-07-28',5,0.715821333108,0.60692976735);
INSERT INTO TBI.TMaze (AID, TestDate, TrialNum, AlterRate, CorrectRate) VALUES(6204,'2013-08-16',1,0.35496693723,0.752707493236);
INSERT INTO TBI.TMaze (AID, TestDate, TrialNum, AlterRate, CorrectRate) VALUES(6204,'2013-08-16',2,0.0188273861713,0.252055984841);
INSERT INTO TBI.TMaze (AID, TestDate, TrialNum, AlterRate, CorrectRate) VALUES(6204,'2013-08-16',3,0.0815844049295,0.0367516101067);
INSERT INTO TBI.TMaze (AID, TestDate, TrialNum, AlterRate, CorrectRate) VALUES(6204,'2013-08-16',4,0.382925098912,0.327478259297);
INSERT INTO TBI.TMaze (AID, TestDate, TrialNum, AlterRate, CorrectRate) VALUES(6204,'2013-08-16',5,0.530798096113,0.146908543688);
INSERT INTO TBI.TMaze (AID, TestDate, TrialNum, AlterRate, CorrectRate) VALUES(6204,'2013-09-16',1,0.57285901502,0.782570694285);
INSERT INTO TBI.TMaze (AID, TestDate, TrialNum, AlterRate, CorrectRate) VALUES(6204,'2013-09-16',2,0.940949725402,0.596441202063);
INSERT INTO TBI.TMaze (AID, TestDate, TrialNum, AlterRate, CorrectRate) VALUES(6204,'2013-09-16',3,0.407080691514,0.221801168736);
INSERT INTO TBI.TMaze (AID, TestDate, TrialNum, AlterRate, CorrectRate) VALUES(6204,'2013-09-16',4,0.795546239984,0.912652494939);
INSERT INTO TBI.TMaze (AID, TestDate, TrialNum, AlterRate, CorrectRate) VALUES(6204,'2013-09-16',5,0.936930381448,0.190035726378);
INSERT INTO TBI.TMaze (AID, TestDate, TrialNum, AlterRate, CorrectRate) VALUES(6185,'2014-05-31',1,0.144658865067,0.0975894406917);
INSERT INTO TBI.TMaze (AID, TestDate, TrialNum, AlterRate, CorrectRate) VALUES(6185,'2014-05-31',2,0.831397123348,0.526094199638);
INSERT INTO TBI.TMaze (AID, TestDate, TrialNum, AlterRate, CorrectRate) VALUES(6185,'2014-05-31',3,0.0345434569959,0.15949995894);
INSERT INTO TBI.TMaze (AID, TestDate, TrialNum, AlterRate, CorrectRate) VALUES(6185,'2014-05-31',4,0.990993774049,0.964935651338);
INSERT INTO TBI.TMaze (AID, TestDate, TrialNum, AlterRate, CorrectRate) VALUES(6185,'2014-05-31',5,0.742737187998,0.294403141625);
INSERT INTO TBI.TMaze (AID, TestDate, TrialNum, AlterRate, CorrectRate) VALUES(6185,'2014-03-29',1,0.635684070788,0.769253740833);
INSERT INTO TBI.TMaze (AID, TestDate, TrialNum, AlterRate, CorrectRate) VALUES(6185,'2014-03-29',2,0.784890310227,0.219746354768);
INSERT INTO TBI.TMaze (AID, TestDate, TrialNum, AlterRate, CorrectRate) VALUES(6185,'2014-03-29',3,0.441458038258,0.108409138463);
INSERT INTO TBI.TMaze (AID, TestDate, TrialNum, AlterRate, CorrectRate) VALUES(6185,'2014-03-29',4,0.0752164258113,0.827583585131);
INSERT INTO TBI.TMaze (AID, TestDate, TrialNum, AlterRate, CorrectRate) VALUES(6185,'2014-03-29',5,0.99719520327,0.00837525367373);
INSERT INTO TBI.TMaze (AID, TestDate, TrialNum, AlterRate, CorrectRate) VALUES(6185,'2014-06-13',1,0.820789270991,0.677507018465);
INSERT INTO TBI.TMaze (AID, TestDate, TrialNum, AlterRate, CorrectRate) VALUES(6185,'2014-06-13',2,0.930880874758,0.282130593638);
INSERT INTO TBI.TMaze (AID, TestDate, TrialNum, AlterRate, CorrectRate) VALUES(6185,'2014-06-13',3,0.329177034599,0.331602422204);
INSERT INTO TBI.TMaze (AID, TestDate, TrialNum, AlterRate, CorrectRate) VALUES(6185,'2014-06-13',4,0.198826297785,0.0593681608812);
INSERT INTO TBI.TMaze (AID, TestDate, TrialNum, AlterRate, CorrectRate) VALUES(6185,'2014-06-13',5,0.000493244592704,0.241243924869);
INSERT INTO TBI.TMaze (AID, TestDate, TrialNum, AlterRate, CorrectRate) VALUES(6185,'2014-05-03',1,0.699063074619,0.576583040075);
INSERT INTO TBI.TMaze (AID, TestDate, TrialNum, AlterRate, CorrectRate) VALUES(6185,'2014-05-03',2,0.524730854265,0.522380905072);
INSERT INTO TBI.TMaze (AID, TestDate, TrialNum, AlterRate, CorrectRate) VALUES(6185,'2014-05-03',3,0.907475929945,0.121257119378);
INSERT INTO TBI.TMaze (AID, TestDate, TrialNum, AlterRate, CorrectRate) VALUES(6185,'2014-05-03',4,0.227757042572,0.534088151132);
INSERT INTO TBI.TMaze (AID, TestDate, TrialNum, AlterRate, CorrectRate) VALUES(6185,'2014-05-03',5,0.0553476942792,0.834147481382);
INSERT INTO TBI.TMaze (AID, TestDate, TrialNum, AlterRate, CorrectRate) VALUES(6185,'2014-05-20',1,0.400756960897,0.669634797219);
INSERT INTO TBI.TMaze (AID, TestDate, TrialNum, AlterRate, CorrectRate) VALUES(6185,'2014-05-20',2,0.606589700305,0.113409831616);
INSERT INTO TBI.TMaze (AID, TestDate, TrialNum, AlterRate, CorrectRate) VALUES(6185,'2014-05-20',3,0.358914913875,0.103953823227);
INSERT INTO TBI.TMaze (AID, TestDate, TrialNum, AlterRate, CorrectRate) VALUES(6185,'2014-05-20',4,0.813407468738,0.0972925462096);
INSERT INTO TBI.TMaze (AID, TestDate, TrialNum, AlterRate, CorrectRate) VALUES(6185,'2014-05-20',5,0.0220941942831,0.626606654719);
INSERT INTO TBI.TMaze (AID, TestDate, TrialNum, AlterRate, CorrectRate) VALUES(6185,'2014-06-30',1,0.230231807536,0.910959401408);
INSERT INTO TBI.TMaze (AID, TestDate, TrialNum, AlterRate, CorrectRate) VALUES(6185,'2014-06-30',2,0.68403970546,0.467301740852);
INSERT INTO TBI.TMaze (AID, TestDate, TrialNum, AlterRate, CorrectRate) VALUES(6185,'2014-06-30',3,0.478551994674,0.337017216042);
INSERT INTO TBI.TMaze (AID, TestDate, TrialNum, AlterRate, CorrectRate) VALUES(6185,'2014-06-30',4,0.387478279522,0.927525187201);
INSERT INTO TBI.TMaze (AID, TestDate, TrialNum, AlterRate, CorrectRate) VALUES(6185,'2014-06-30',5,0.526603912695,0.275400510961);
INSERT INTO TBI.TMaze (AID, TestDate, TrialNum, AlterRate, CorrectRate) VALUES(6185,'2014-04-23',1,0.940507109653,0.340964033015);
INSERT INTO TBI.TMaze (AID, TestDate, TrialNum, AlterRate, CorrectRate) VALUES(6185,'2014-04-23',2,0.567214191017,0.00250454160438);
INSERT INTO TBI.TMaze (AID, TestDate, TrialNum, AlterRate, CorrectRate) VALUES(6185,'2014-04-23',3,0.263154940647,0.515496006948);
INSERT INTO TBI.TMaze (AID, TestDate, TrialNum, AlterRate, CorrectRate) VALUES(6185,'2014-04-23',4,0.713953664172,0.0905940973073);
INSERT INTO TBI.TMaze (AID, TestDate, TrialNum, AlterRate, CorrectRate) VALUES(6185,'2014-04-23',5,0.0302362347673,0.107481247631);
INSERT INTO TBI.Weight (AID, WeightDate, Weight) VALUES(6792,'2013-11-18',10.3577149295);
INSERT INTO TBI.Weight (AID, WeightDate, Weight) VALUES(6792,'2013-10-17',19.4798848581);
INSERT INTO TBI.Weight (AID, WeightDate, Weight) VALUES(6792,'2013-10-20',19.7001710237);
INSERT INTO TBI.Weight (AID, WeightDate, Weight) VALUES(6792,'2013-12-25',14.3020389735);
INSERT INTO TBI.Weight (AID, WeightDate, Weight) VALUES(6792,'2013-11-13',17.3702150776);
INSERT INTO TBI.Weight (AID, WeightDate, Weight) VALUES(6792,'2013-11-12',16.1003386815);
INSERT INTO TBI.Weight (AID, WeightDate, Weight) VALUES(6792,'2013-12-11',17.0964735712);
INSERT INTO TBI.Weight (AID, WeightDate, Weight) VALUES(6792,'2013-09-27',11.8336148512);
INSERT INTO TBI.Weight (AID, WeightDate, Weight) VALUES(6792,'2013-11-04',11.034049189);
INSERT INTO TBI.Weight (AID, WeightDate, Weight) VALUES(6792,'2013-11-20',19.0866421919);
INSERT INTO TBI.Weight (AID, WeightDate, Weight) VALUES(6792,'2013-11-21',10.9343741286);
INSERT INTO TBI.Weight (AID, WeightDate, Weight) VALUES(6792,'2013-11-27',11.9748334297);
INSERT INTO TBI.Weight (AID, WeightDate, Weight) VALUES(6480,'2014-03-28',16.4631792633);
INSERT INTO TBI.Weight (AID, WeightDate, Weight) VALUES(6480,'2014-05-30',11.3795298304);
INSERT INTO TBI.Weight (AID, WeightDate, Weight) VALUES(6480,'2014-06-24',17.1210278217);
INSERT INTO TBI.Weight (AID, WeightDate, Weight) VALUES(6480,'2014-04-28',13.3600062457);
INSERT INTO TBI.Weight (AID, WeightDate, Weight) VALUES(6480,'2014-05-08',10.5065163308);
INSERT INTO TBI.Weight (AID, WeightDate, Weight) VALUES(6480,'2014-05-22',12.1840308442);
INSERT INTO TBI.Weight (AID, WeightDate, Weight) VALUES(6480,'2014-06-19',13.0717200827);
INSERT INTO TBI.Weight (AID, WeightDate, Weight) VALUES(6480,'2014-07-01',17.0191973149);
INSERT INTO TBI.Weight (AID, WeightDate, Weight) VALUES(6480,'2014-03-29',17.0000308875);
INSERT INTO TBI.Weight (AID, WeightDate, Weight) VALUES(6480,'2014-06-17',11.1212329028);
INSERT INTO TBI.Weight (AID, WeightDate, Weight) VALUES(6480,'2014-05-04',10.6926608821);
INSERT INTO TBI.Weight (AID, WeightDate, Weight) VALUES(6480,'2014-04-14',12.527557451);
INSERT INTO TBI.Weight (AID, WeightDate, Weight) VALUES(6480,'2014-04-19',19.5470548152);
INSERT INTO TBI.Weight (AID, WeightDate, Weight) VALUES(6570,'2013-10-11',17.136858352);
INSERT INTO TBI.Weight (AID, WeightDate, Weight) VALUES(6570,'2013-12-22',11.5993089953);
INSERT INTO TBI.Weight (AID, WeightDate, Weight) VALUES(6570,'2013-12-21',13.3025505391);
INSERT INTO TBI.Weight (AID, WeightDate, Weight) VALUES(6570,'2013-10-09',15.3246991548);
INSERT INTO TBI.Weight (AID, WeightDate, Weight) VALUES(6570,'2013-12-24',19.5398635121);
INSERT INTO TBI.Weight (AID, WeightDate, Weight) VALUES(6570,'2013-12-03',19.2878385009);
INSERT INTO TBI.Weight (AID, WeightDate, Weight) VALUES(6570,'2013-11-10',12.6778160662);
INSERT INTO TBI.Weight (AID, WeightDate, Weight) VALUES(6570,'2013-12-25',19.0715722671);
INSERT INTO TBI.Weight (AID, WeightDate, Weight) VALUES(6570,'2013-12-14',13.2026263278);
INSERT INTO TBI.Weight (AID, WeightDate, Weight) VALUES(6570,'2013-10-23',14.0217309698);
INSERT INTO TBI.Weight (AID, WeightDate, Weight) VALUES(6570,'2013-11-09',19.3355596538);
INSERT INTO TBI.Weight (AID, WeightDate, Weight) VALUES(6570,'2013-11-01',18.9495615122);
INSERT INTO TBI.Weight (AID, WeightDate, Weight) VALUES(6570,'2013-11-24',11.0740750973);
INSERT INTO TBI.Weight (AID, WeightDate, Weight) VALUES(6570,'2013-11-03',10.1674935052);
INSERT INTO TBI.Weight (AID, WeightDate, Weight) VALUES(6204,'2013-07-28',11.3506912061);
INSERT INTO TBI.Weight (AID, WeightDate, Weight) VALUES(6204,'2013-06-25',17.2535369191);
INSERT INTO TBI.Weight (AID, WeightDate, Weight) VALUES(6204,'2013-09-04',19.053233388);
INSERT INTO TBI.Weight (AID, WeightDate, Weight) VALUES(6204,'2013-07-05',18.548563566);
INSERT INTO TBI.Weight (AID, WeightDate, Weight) VALUES(6204,'2013-08-10',12.9759457469);
INSERT INTO TBI.Weight (AID, WeightDate, Weight) VALUES(6204,'2013-08-20',17.538531374);
INSERT INTO TBI.Weight (AID, WeightDate, Weight) VALUES(6204,'2013-08-28',16.3112724269);
INSERT INTO TBI.Weight (AID, WeightDate, Weight) VALUES(6204,'2013-08-19',12.5733520246);
INSERT INTO TBI.Weight (AID, WeightDate, Weight) VALUES(6204,'2013-08-18',17.1679568848);
INSERT INTO TBI.Weight (AID, WeightDate, Weight) VALUES(6204,'2013-08-27',10.445488278);
INSERT INTO TBI.Weight (AID, WeightDate, Weight) VALUES(6204,'2013-08-06',18.645043799);
INSERT INTO TBI.Weight (AID, WeightDate, Weight) VALUES(6204,'2013-08-14',12.3154394501);
INSERT INTO TBI.Weight (AID, WeightDate, Weight) VALUES(6204,'2013-07-19',19.6499519861);
INSERT INTO TBI.Weight (AID, WeightDate, Weight) VALUES(6204,'2013-08-12',14.2180330217);
INSERT INTO TBI.Weight (AID, WeightDate, Weight) VALUES(6185,'2014-05-19',18.4833154146);
INSERT INTO TBI.Weight (AID, WeightDate, Weight) VALUES(6185,'2014-06-14',18.1696182943);
INSERT INTO TBI.Weight (AID, WeightDate, Weight) VALUES(6185,'2014-06-13',16.9637784777);
INSERT INTO TBI.Weight (AID, WeightDate, Weight) VALUES(6185,'2014-05-11',10.0150052637);
INSERT INTO TBI.Weight (AID, WeightDate, Weight) VALUES(6185,'2014-03-30',13.6020925994);
INSERT INTO TBI.Weight (AID, WeightDate, Weight) VALUES(6185,'2014-06-26',16.4031799458);
INSERT INTO TBI.Weight (AID, WeightDate, Weight) VALUES(6185,'2014-03-26',11.2062263632);
INSERT INTO TBI.Weight (AID, WeightDate, Weight) VALUES(6185,'2014-04-05',15.6681255678);
INSERT INTO TBI.Weight (AID, WeightDate, Weight) VALUES(6185,'2014-04-16',13.2972316834);
INSERT INTO TBI.Weight (AID, WeightDate, Weight) VALUES(6185,'2014-06-01',16.1035291706);
INSERT INTO TBI.Weight (AID, WeightDate, Weight) VALUES(6185,'2014-04-19',14.0464226345);
